Ticker,Nombre,Precio,Estado,País,Sector,Industria,Captialización,Riesgo Total,Beta,Ult. Precio Div.,Payout Ratio,Ratio Dividendos,Anual,Revenue,Cantidad Acciones,CEO
MMM,3M Company,94.87,MN,United States,Industrials,Conglomerates,52423360512.0,6.0,1.017,1.5,0.6167,6.0,-0.18566525,32681000960.0,551851729.0,Mr. Michael F. Roman
AOS,A. O. Smith Corporation,78.33,WI,United States,Industrials,Specialty Industrial Machinery,11649238016.0,10.0,1.254,0.32,0.33099997,1.28,0.1606164,3852800000.0,121162709.0,Mr. Kevin J. Wheeler
ABT,Abbott Laboratories,112.11,IL,United States,Healthcare,Medical Devices,194629697536.0,7.0,0.725,0.55,0.6258,2.2,0.012279868,40108998656.0,1725069285.0,Mr. Robert B. Ford
ABBV,AbbVie Inc.,168.67,IL,United States,Healthcare,Drug Manufacturers - General,297793617920.0,8.0,0.47,1.55,2.1764998,6.2,0.16308093,54317998080.0,1761653239.0,Mr. Richard A. Gonzalez
ACN,Accenture plc,372.95,,Ireland,Technology,Information Technology Services,233836675072.0,1.0,1.201,1.29,0.431,5.16,0.31098843,64588247040.0,625725330.0,Ms. Julie T. Spellman Sweet
ADBE,Adobe Inc.,634.76,CA,United States,Technology,Software - Infrastructure,286911528960.0,3.0,1.33,0.0065,,,0.69165576,19409000448.0,450775080.0,Mr. Shantanu  Narayen
AMD,"Advanced Micro Devices, Inc.",177.66,CA,United States,Technology,Semiconductors,287061245952.0,5.0,1.695,,,,1.1230879,22680000512.0,1604670228.0,Dr. Lisa T. Su Ph.D.
AES,The AES Corporation,17.02,VA,United States,Utilities,Utilities - Diversified,11397086208.0,2.0,1.117,0.173,0.7626,0.67,-0.3506295,12760000512.0,666475082.0,Mr. Andres Ricardo Gluski Weilert
AFL,Aflac Incorporated,76.82,GA,United States,Financial Services,Insurance - Life,44438753280.0,5.0,0.916,0.42,0.2159,2.0,0.1040529,18701000704.0,573527220.0,Mr. Daniel Paul Amos
A,"Agilent Technologies, Inc.",132.97,CA,United States,Healthcare,Diagnostics & Research,38960742400.0,8.0,1.127,0.236,0.2148,0.94,-0.12657648,6832999936.0,291668003.0,Mr. Michael R. McMullen
APD,"Air Products and Chemicals, Inc.",258.17,PA,United States,Basic Materials,Specialty Chemicals,57372606464.0,7.0,0.846,1.75,0.667,7.02,-0.08783519,12600000512.0,221230012.0,Mr. Seifollah  Ghasemi
ABNB,"Airbnb, Inc.",146.55,CA,United States,Consumer Cyclical,Travel Services,93927710720.0,10.0,1.234,,,,0.23827624,9601000448.0,416278216.0,Mr. Brian  Chesky
AKAM,"Akamai Technologies, Inc.",124.41,MA,United States,Technology,Software - Infrastructure,18765008896.0,6.0,0.763,,,,0.4219911,3744681984.0,147959735.0,Dr. F. Thomson Leighton
ALB,Albemarle Corporation,114.25,NC,United States,Basic Materials,Specialty Chemicals,13704515584.0,6.0,1.581,0.4,0.056500003,1.6,-0.58726203,9882015744.0,116902635.0,Mr. Jerry Kent Masters Jr.
ARE,"Alexandria Real Estate Equities, Inc.",121.46,CA,United States,Real Estate,REIT - Office,21251612672.0,9.0,1.096,1.27,9.1852,5.08,-0.27382517,2886679040.0,172497707.0,"Mr. Joel S. Marcus CPA, J.D."
ALGN,"Align Technology, Inc.",273.9,AZ,United States,Healthcare,Medical Devices,20977754112.0,8.0,1.667,,,,-0.20019859,3862259968.0,71134324.0,Mr. Joseph M. Hogan
ALLE,Allegion plc,127.63,,Ireland,Industrials,Security & Protection Services,11204331520.0,7.0,1.145,0.45,0.2785,1.8,0.055927873,3614899968.0,87178320.0,Mr. John H. Stone
LNT,Alliant Energy Corporation,48.8,WI,United States,Utilities,Utilities - Regulated Electric,12452734976.0,3.0,0.552,0.48,0.65379995,1.92,-0.09512329,4124000000.0,254423757.0,Mr. John O. Larsen
ALL,The Allstate Corporation,157.37,IL,United States,Financial Services,Insurance - Property & Casualty,41181683712.0,2.0,0.521,0.89,1.0779,3.56,0.16587639,55910998016.0,259818618.0,Mr. Thomas Joseph Wilson II
GOOGL,Alphabet Inc.,142.38,CA,United States,Communication Services,Internet Content & Information,1776845455360.0,10.0,1.054,,,,0.38367343,307393986560.0,11097944460.0,Mr. Sundar  Pichai
GOOG,Alphabet Inc.,143.54,CA,United States,Communication Services,Internet Content & Information,1776723689472.0,10.0,1.054,,,,0.387262,307393986560.0,11097944460.0,Mr. Sundar  Pichai
MO,"Altria Group, Inc.",41.36,VA,United States,Consumer Defensive,Tobacco,72936701952.0,3.0,0.669,0.98,0.84029996,3.92,-0.11925042,20501999616.0,1764155130.0,Mr. William F. Gifford Jr.
AMZN,"Amazon.com, Inc.",171.81,WA,United States,Consumer Cyclical,Internet Retail,1784659050496.0,10.0,1.163,,,,0.6814445,574784995328.0,9168318223.0,Mr. Jeffrey P. Bezos
AMCR,Amcor plc,9.39,,Switzerland,Consumer Cyclical,Packaging & Containers,13571743744.0,7.0,0.859,0.125,0.7481,0.5,-0.21290863,14424999936.0,1437020392.0,"Mr. Ronald Stephen Delia B.Sc., MBA"
AEE,Ameren Corporation,69.41,MO,United States,Utilities,Utilities - Regulated Electric,18251012096.0,6.0,0.457,0.63,0.56240004,2.52,-0.19196743,7639000064.0,261551439.0,Mr. Martin J. Lyons Jr.
AAL,American Airlines Group Inc.,14.56,TX,United States,Industrials,Airlines,9526215680.0,7.0,1.568,0.1,,,-0.13947994,52787998720.0,644059987.0,Mr. Robert D. Isom Jr.
AEP,"American Electric Power Company, Inc.",78.63,OH,United States,Utilities,Utilities - Regulated Electric,41349627904.0,4.0,0.505,0.88,0.7615,3.52,-0.14994597,19286200320.0,524981644.0,Ms. Julia A. Sloat
AXP,American Express Company,206.41,NY,United States,Financial Services,Credit Services,149234434048.0,9.0,1.216,0.6,0.2141,2.4,0.16959429,55592001536.0,569507100.0,Mr. Stephen Joseph Squeri
AIG,"American International Group, Inc.",69.63,NY,United States,Financial Services,Insurance - Diversified,48883044352.0,2.0,1.037,0.36,0.2361,1.44,0.1612742,50150998016.0,699878059.0,Mr. Peter Salvatore Zaffino
AMT,American Tower Corporation,193.51,MA,United States,Real Estate,REIT - Specialty,90207584256.0,1.0,0.699,1.7,3.1267002,6.8,-0.122682154,11062500352.0,464971735.0,Mr. Rodney M. Smith
AWK,"American Water Works Company, Inc.",123.36,NJ,United States,Utilities,Utilities - Regulated Water,24018808832.0,2.0,0.652,0.708,0.56299996,2.83,-0.21130365,4132999936.0,194153982.0,Ms. M. Susan Hardwick
AMP,"Ameriprise Financial, Inc.",390.69,MN,United States,Financial Services,Asset Management,39147139072.0,6.0,1.4,1.35,0.2507,5.4,0.112981796,15660000256.0,100679079.0,Mr. James M. Cracchiolo
AME,"AMETEK, Inc.",167.44,PA,United States,Industrials,Specialty Industrial Machinery,38644985856.0,8.0,1.209,0.25,0.1757,1.0,0.13835073,6491731968.0,229649280.0,Mr. David A. Zapico
AMGN,Amgen Inc.,323.19,CA,United States,Healthcare,Drug Manufacturers - General,172964167680.0,2.0,0.58,2.13,0.5925,9.0,0.325364,26833000448.0,533727695.0,Mr. Robert A. Bradway
APH,Amphenol Corporation,103.46,CT,United States,Technology,Electronic Components,61901152256.0,7.0,1.3,0.22,0.2733,0.88,0.2647922,12554699776.0,594000636.0,Mr. Richard Adam Norwitt
ADI,"Analog Devices, Inc.",192.1,MA,United States,Technology,Semiconductors,95256633344.0,8.0,1.217,0.86,0.50990003,3.44,0.08194876,12305539072.0,494018575.0,Mr. Vincent T. Roche
ANSS,"ANSYS, Inc.",335.25,PA,United States,Technology,Software - Application,29138991104.0,2.0,1.194,,,,0.2305913,2158956032.0,86585254.0,Dr. Ajei S. Gopal Ph.D.
AON,Aon plc,292.4,,Ireland,Financial Services,Insurance Brokers,58070638592.0,5.0,0.858,0.615,0.1784,2.46,-0.07972175,13130999808.0,193595190.0,Mr. Gregory Clarence Case
APA,APA Corporation,30.24,TX,United States,Energy,Oil & Gas E&P,9164383232.0,5.0,3.31,0.25,0.1996,1.0,-0.2803427,8439000064.0,304768685.0,Mr. John J. Christmann IV
AAPL,Apple Inc.,185.85,CA,United States,Technology,Consumer Electronics,2869877014528.0,1.0,1.29,0.24,0.14770001,0.96,0.22487319,385706000384.0,15415784221.0,Mr. Timothy D. Cook
AMAT,"Applied Materials, Inc.",168.18,CA,United States,Technology,Semiconductor Equipment & Materials,139936186368.0,1.0,1.575,0.32,0.143,1.28,0.42900836,26517000192.0,827152779.0,Mr. Gary E. Dickerson
APTV,Aptiv PLC,83.5,,Ireland,Consumer Cyclical,Auto Parts,23618977792.0,9.0,1.997,0.22,,,-0.27359724,20050999296.0,279253062.0,Mr. Kevin P. Clark
ACGL,Arch Capital Group Ltd.,83.3,,Bermuda,Financial Services,Insurance - Diversified,31085228032.0,5.0,0.588,,,,0.34009004,12731807744.0,359994886.0,Mr. Marc  Grandisson
ADM,Archer-Daniels-Midland Company,55.69,IL,United States,Consumer Defensive,Farm Products,29703987200.0,4.0,0.783,0.45,0.24340001,2.0,-0.32546026,96896000000.0,529215547.0,Mr. Juan Ricardo Luciano
ANET,"Arista Networks, Inc.",273.1,CA,United States,Technology,Computer Hardware,84961411072.0,10.0,1.095,,,,1.1057906,5595282944.0,253422176.0,Ms. Jayshree V. Ullal
AJG,Arthur J. Gallagher & Co.,232.74,IL,United States,Financial Services,Insurance Brokers,50431500288.0,6.0,0.667,0.55,0.4977,2.4,0.1962992,9559199744.0,214020762.0,Mr. J. Patrick Gallagher Jr.
AIZ,"Assurant, Inc.",166.86,GA,United States,Financial Services,Insurance - Specialty,8775267328.0,2.0,0.504,0.72,0.2851,2.88,0.25336134,10801300480.0,52125719.0,Mr. Keith Warner Demmings
T,AT&T Inc.,17.83,TX,United States,Communication Services,Telecom Services,127484854272.0,1.0,0.716,0.278,0.5635,1.11,-0.08937693,122427998208.0,7136629500.0,Mr. John T. Stankey
ATO,Atmos Energy Corporation,113.77,TX,United States,Utilities,Utilities - Regulated Gas,17160383488.0,8.0,0.667,0.805,0.48520002,3.22,-0.032896996,4275356928.0,147879849.0,Mr. John Kevin Akers
ADSK,"Autodesk, Inc.",256.45,CA,United States,Technology,Software - Application,54858506240.0,1.0,1.466,0.015,,,0.17454433,5345999872.0,426778187.0,Dr. Andrew  Anagnost
ADP,"Automatic Data Processing, Inc.",248.81,NJ,United States,Industrials,Staffing & Employment Services,102208913408.0,1.0,0.802,1.4,0.5995,5.6,0.11339331,18585899008.0,409833425.0,Ms. Maria  Black
AZO,"AutoZone, Inc.",2821.89,TN,United States,Consumer Cyclical,Specialty Retail,48795836416.0,6.0,0.674,,,,0.16324389,17662418944.0,17235878.0,Mr. William C. Rhodes III
AVB,"AvalonBay Communities, Inc.",175.06,VA,United States,Real Estate,REIT - Residential,24861147136.0,7.0,0.956,1.65,1.0061,6.8,-0.02086246,2781362944.0,141110197.0,Mr. Benjamin W. Schall
AVY,Avery Dennison Corporation,198.86,OH,United States,Consumer Cyclical,Packaging & Containers,16014453760.0,7.0,0.939,0.81,0.5129,3.24,0.11381209,8364299776.0,80271810.0,Mr. Mitchell R. Butier
AXON,"Axon Enterprise, Inc.",256.99,AZ,United States,Industrials,Aerospace & Defense,19257237504.0,10.0,0.922,,,,0.31150806,1467390976.0,70461031.0,Mr. Patrick W. Smith
BKR,Baker Hughes Company,28.99,TX,United States,Energy,Oil & Gas Equipment & Services,29134950400.0,3.0,1.419,0.2,0.4084,0.84,-0.08433354,25506000896.0,950884420.0,Mr. Lorenzo  Simonelli
BALL,Ball Corporation,59.48,CO,United States,Consumer Cyclical,Packaging & Containers,18754103296.0,8.0,0.897,0.2,0.35869998,0.8,0.013460517,14028999680.0,313045256.0,Mr. Daniel William Fisher
BAC,Bank of America Corporation,33.47,NC,United States,Financial Services,Banks - Diversified,264261058560.0,7.0,1.42,0.24,0.2987,0.96,-0.079736054,94187003904.0,7869086836.0,Mr. Brian Thomas Moynihan
BK,The Bank of New York Mellon Corporation,55.63,NY,United States,Financial Services,Asset Management,42242306048.0,1.0,1.12,0.42,0.395,1.68,0.1007123,17383000064.0,757240617.0,Mr. Robin Antony Vince
BBWI,"Bath & Body Works, Inc.",43.45,OH,United States,Consumer Cyclical,Specialty Retail,9817136128.0,8.0,1.817,0.2,0.2548,0.8,-0.05584526,7405000192.0,210994622.0,Ms. Gina R. Boswell
BAX,Baxter International Inc.,38.98,IL,United States,Healthcare,Medical Instruments & Supplies,19775490048.0,6.0,0.64,0.29,2.5217,1.16,-0.13684678,15280000000.0,505552950.0,Mr. Jose E. Almeida
BDX,"Becton, Dickinson and Company",237.19,NJ,United States,Healthcare,Medical Instruments & Supplies,68524670976.0,10.0,0.482,0.95,0.84400004,3.8,-0.051846802,19491999744.0,288226201.0,Mr. Thomas E. Polen Jr.
BRK.B,,,,,,,,,,,,,,,,None
BBY,"Best Buy Co., Inc.",75.69,MN,United States,Consumer Cyclical,Specialty Retail,16303324160.0,1.0,1.516,0.92,0.6287,3.68,-0.13959306,43541000192.0,192828934.0,Ms. Corie Sue Barry
BIO,"Bio-Rad Laboratories, Inc.",320.43,CA,United States,Healthcare,Medical Devices,9323070464.0,10.0,0.89,,,,-0.31778407,2720366080.0,20584942.0,Mr. Norman D. Schwartz
TECH,Bio-Techne Corporation,65.98,MN,United States,Healthcare,Biotechnology,10434737152.0,10.0,1.281,0.08,0.23020001,0.32,-0.12690222,1144999040.0,155767055.0,Mr. James T. Hippel
BIIB,Biogen Inc.,243.72,MA,United States,Healthcare,Drug Manufacturers - General,35314540544.0,6.0,0.047,,,,-0.15457195,9993299968.0,144417050.0,Mr. Christopher A. Viehbacher
BLK,"BlackRock, Inc.",788.0,NY,United States,Financial Services,Asset Management,117018001408.0,4.0,1.373,5.0,0.5478,20.4,0.06145096,17859000320.0,138996000.0,Mr. Laurence Douglas Fink
BX,Blackstone Inc.,124.36,NY,United States,Financial Services,Asset Management,151293886464.0,10.0,1.51,0.94,1.8043,3.35,0.29920602,7683901952.0,715631839.0,"Mr. Stephen Allen Schwarzman B.A., M.B.A."
BA,The Boeing Company,209.38,VA,United States,Industrials,Aerospace & Defense,127750062080.0,8.0,1.599,2.055,,,0.012426853,77794000896.0,564875375.0,Mr. David L. Calhoun
BKNG,Booking Holdings Inc.,3561.39,CT,United States,Consumer Cyclical,Travel Services,124256534528.0,1.0,1.393,,,,0.4418875,20629999616.0,34766712.0,Mr. Glenn D. Fogel
BWA,BorgWarner Inc.,34.09,MI,United States,Consumer Cyclical,Auto Parts,8013025280.0,1.0,1.346,0.11,0.1512,0.44,-0.17551118,17159000064.0,233445299.0,Mr. Frederic B. Lissalde
BXP,"Boston Properties, Inc.",63.69,MA,United States,Real Estate,REIT - Office,9995571200.0,8.0,1.222,0.98,3.2397,3.92,-0.13181573,2986475008.0,156035317.0,Mr. Owen David Thomas
BSX,Boston Scientific Corporation,64.37,MA,United States,Healthcare,Medical Devices,94300766208.0,9.0,0.785,,,,0.35060847,14240000000.0,1460324132.0,Mr. Michael F. Mahoney
BMY,Bristol-Myers Squibb Company,48.71,NY,United States,Healthcare,Drug Manufacturers - General,99113156608.0,2.0,0.342,0.6,0.5984,2.4,-0.3464377,45006000128.0,2031196916.0,Dr. Giovanni  Caforio M.D.
AVGO,Broadcom Inc.,1224.34,CA,United States,Technology,Semiconductors,573163700224.0,9.0,1.241,5.25,0.5579,21.0,1.036155,35818999808.0,405311760.0,Mr. Hock E. Tan
BR,"Broadridge Financial Solutions, Inc.",201.74,NY,United States,Technology,Information Technology Services,23744798720.0,3.0,0.999,0.8,0.53139997,3.2,0.35368717,6320699904.0,117073830.0,Mr. Timothy C. Gokey
BRO,"Brown & Brown, Inc.",77.69,FL,United States,Financial Services,Insurance Brokers,22110420992.0,8.0,0.747,0.13,0.1557,0.52,0.31655657,4204699904.0,220562154.0,Mr. J. Powell Brown C.P.C.U.
BF.B,,,,,,,,,,,,,,,,None
BLDR,"Builders FirstSource, Inc.",180.75,TX,United States,Industrials,Building Products & Equipment,22294970368.0,8.0,2.048,,,,1.2056131,17304033280.0,120688652.0,Mr. David E. Rush
BG,Bunge Global SA,90.47,MO,United States,Consumer Defensive,Farm Products,13144205312.0,2.0,0.615,0.663,0.19639999,2.65,-0.09148425,61263998976.0,143938253.0,Mr. Gregory A. Heckman
CDNS,"Cadence Design Systems, Inc.",296.55,CA,United States,Technology,Software - Application,80679985152.0,2.0,1.063,,,,0.5951266,3921240064.0,269257041.0,Dr. Anirudh  Devgan Ph.D.
CZR,"Caesars Entertainment, Inc.",43.41,NV,United States,Consumer Cyclical,Resorts & Casinos,9364015104.0,9.0,2.872,,,,-0.18859816,11523999744.0,205343630.0,Mr. Thomas Robert Reeg CFA
CPT,Camden Property Trust,96.57,TX,United States,Real Estate,REIT - Residential,10501215232.0,9.0,,1.0,1.0811,4.12,-0.21128714,1561755008.0,107204489.0,Mr. Richard J. Campo
CPB,Campbell Soup Company,44.82,NJ,United States,Consumer Defensive,Packaged Foods,13360841728.0,4.0,0.264,0.37,0.56060004,1.48,-0.1394009,9299999744.0,234750639.0,Mr. Mark A. Clouse
COF,Capital One Financial Corporation,136.48,VA,United States,Financial Services,Credit Services,51916988416.0,2.0,1.472,0.6,0.2008,2.4,0.16014957,26360999936.0,363137448.0,Mr. Richard D. Fairbank
CAH,"Cardinal Health, Inc.",103.46,OH,United States,Healthcare,Medical Distribution,25164886016.0,1.0,0.723,0.501,0.7927,2.0,0.34311306,216148000768.0,241807807.0,Mr. Jason M. Hollar
KMX,"CarMax, Inc.",72.79,VA,United States,Consumer Cyclical,Auto & Truck Dealerships,11495068672.0,9.0,1.529,,,,-0.06511688,28248430592.0,157163187.0,Mr. William D. Nash
CCL,Carnival Corporation & plc,16.44,FL,United States,Consumer Cyclical,Travel Services,21475078144.0,10.0,2.58,0.5,,,0.38500416,21592999936.0,1139299739.0,Mr. Micky Meir Arison
CARR,Carrier Global Corporation,56.78,FL,United States,Industrials,Building Products & Equipment,50998943744.0,3.0,1.272,0.19,0.5,0.76,0.23033583,22101000192.0,782167611.0,Mr. David L. Gitlin
CTLT,"Catalent, Inc.",54.51,NJ,United States,Healthcare,Drug Manufacturers - Specialty & Generic,9846739968.0,10.0,1.236,,,,-0.18641794,4223000064.0,179575488.0,Mr. Alessandro  Maselli
CAT,Caterpillar Inc.,315.09,TX,United States,Industrials,Farm & Heavy Construction Machinery,160407584768.0,6.0,1.121,1.3,0.2778,5.2,0.25324154,66587000832.0,507582943.0,Mr. D. James Umpleby III
CBOE,"Cboe Global Markets, Inc.",182.78,IL,United States,Financial Services,Financial Data & Stock Exchanges,19293526016.0,3.0,0.562,0.31,0.2945,2.2,0.44776237,3809499904.0,104958542.0,Mr. Frederic J. Tomczyk
CBRE,"CBRE Group, Inc.",85.0,TX,United States,Real Estate,Real Estate Services,25907404800.0,1.0,1.442,,,,-0.0073572397,31193513984.0,294926339.0,Mr. Robert E. Sulentic
CDW,CDW Corporation,232.66,IL,United States,Technology,Information Technology Services,31167133696.0,3.0,1.071,0.62,0.29459998,2.48,0.16295111,21795799040.0,133583940.0,Ms. Christine A. Leahy
CE,Celanese Corporation,146.97,TX,United States,Basic Materials,Chemicals,15998419968.0,4.0,1.339,0.7,0.1506,2.8,0.20348835,10718999552.0,108371850.0,Ms. Lori J. Ryerkerk BS
COR,"Cencora, Inc.",234.99,PA,United States,Healthcare,Medical Distribution,47198683136.0,4.0,0.474,0.51,0.2141,2.04,0.5210693,271579414528.0,168149356.0,Mr. Steven H. Collis
CNC,Centene Corporation,75.41,MO,United States,Healthcare,Healthcare Plans,40284098560.0,1.0,0.406,,,,0.06196308,139364007936.0,531150712.0,Ms. Sarah M. London
CNP,"CenterPoint Energy, Inc.",27.95,TX,United States,Utilities,Utilities - Regulated Electric,17642711040.0,6.0,0.949,0.2,0.5952,0.8,-0.047050774,9224999936.0,628749164.0,Mr. Jason P. Wells
CF,"CF Industries Holdings, Inc.",76.52,IL,United States,Basic Materials,Agricultural Inputs,14619603968.0,2.0,0.982,0.4,0.1487,2.0,-0.11012906,7667999744.0,189912073.0,Mr. W. Anthony Will
CHRW,"C.H. Robinson Worldwide, Inc.",74.13,MN,United States,Industrials,Integrated Freight & Logistics,8647337984.0,5.0,0.756,0.61,0.8971,2.44,-0.27994174,17596442624.0,118293069.0,Mr. Michael Paul Zechmeister
CRL,"Charles River Laboratories International, Inc.",218.17,MA,United States,Healthcare,Diagnostics & Research,11191422976.0,8.0,1.374,,,,-0.11639869,4215776000.0,50648412.0,Mr. James C. Foster J.D.
SCHW,The Charles Schwab Corporation,62.94,TX,United States,Financial Services,Capital Markets,114713182208.0,10.0,1.01,0.25,0.3937,1.0,-0.21187079,18837000192.0,1489463257.0,Mr. Charles Robert Schwab
CHTR,"Charter Communications, Inc.",319.21,CT,United States,Communication Services,Telecom Services,46357266432.0,10.0,,,,,-0.21102846,54606999552.0,96127636.0,Mr. Christopher L. Winfrey
CVX,Chevron Corporation,152.24,CA,United States,Energy,Oil & Gas Integrated,281796247552.0,1.0,1.113,1.51,0.53169996,6.16,-0.102570176,195817996288.0,1774936805.0,Mr. Michael K. Wirth
CMG,"Chipotle Mexican Grill, Inc.",2482.28,CA,United States,Consumer Cyclical,Restaurants,68125429760.0,6.0,1.331,,,,0.45992422,9535928320.0,27235806.0,Mr. Brian R. Niccol
CB,Chubb Limited,246.69,,Switzerland,Financial Services,Insurance - Property & Casualty,100647059456.0,7.0,0.618,0.86,0.15640001,3.44,0.15356553,50120998912.0,402720491.0,Mr. Evan G. Greenberg
CHD,"Church & Dwight Co., Inc.",99.37,NJ,United States,Consumer Defensive,Household & Personal Products,24482979840.0,5.0,0.51,0.273,0.35740003,1.14,0.1930604,5867899904.0,243802604.0,Mr. Matthew Thomas Farrell
CI,The Cigna Group,323.84,CT,United States,Healthcare,Healthcare Plans,94724497408.0,4.0,0.524,1.23,0.2713,5.6,0.12272918,189856006144.0,291326586.0,Mr. David Michael Cordani
CINF,Cincinnati Financial Corporation,112.22,OH,United States,Financial Services,Insurance - Property & Casualty,17608216576.0,8.0,0.635,0.75,0.2792,3.0,-0.026544094,9765999616.0,154158697.0,"Mr. Steven Justus Johnston C.F.A., CERA, FCAS, MAAA"
CTAS,Cintas Corporation,619.3,OH,United States,Industrials,Specialty Business Services,62779060224.0,8.0,1.275,1.35,0.3623,5.4,0.41099536,9193963520.0,86028868.0,Mr. Scott D. Farmer
CSCO,"Cisco Systems, Inc.",50.18,CA,United States,Technology,Communication Equipment,203905433600.0,1.0,0.892,0.39,0.4683,1.56,0.054866552,58033999872.0,4057258558.0,Mr. Charles H. Robbins
C,Citigroup Inc.,55.54,NY,United States,Financial Services,Banks - Diversified,105698181120.0,1.0,1.563,0.53,0.5149,2.1,0.09201729,70699999232.0,1841877273.0,Ms. Jane Nind Fraser
CFG,"Citizens Financial Group, Inc.",32.06,RI,United States,Financial Services,Banks - Regional,14953361408.0,6.0,1.394,0.42,0.5367,1.68,-0.26770216,7536999936.0,463041188.0,Mr. Bruce Winfield Van Saun
CLX,The Clorox Company,156.36,CA,United States,Consumer Defensive,Household & Personal Products,19405213696.0,5.0,0.391,1.2,7.5556,4.8,0.02484107,7310000128.0,123794780.0,Ms. Linda  Rendle
CME,CME Group Inc.,206.55,IL,United States,Financial Services,Financial Data & Stock Exchanges,74356555776.0,10.0,0.458,5.25,1.0501,9.65,0.18190658,5337699840.0,358517005.0,Mr. Terrence A. Duffy
CMS,CMS Energy Corporation,57.77,MI,United States,Utilities,Utilities - Regulated Electric,16855206912.0,3.0,0.39,0.488,0.64949995,2.06,-0.08951932,7462000128.0,290791596.0,Mr. Garrick J. Rochow
KO,The Coca-Cola Company,60.54,GA,United States,Consumer Defensive,Beverages - Non-Alcoholic,261739233280.0,4.0,0.577,0.46,0.7368,1.84,0.006149292,45029998592.0,3890337449.0,Mr. James Robert B. Quincey
CTSH,Cognizant Technology Solutions Corporation,77.89,NJ,United States,Technology,Information Technology Services,39055056896.0,1.0,1.087,0.29,0.278,1.16,0.16549456,19434000384.0,500093831.0,Mr. John Sunshin Kim
CL,Colgate-Palmolive Company,84.62,NY,United States,Consumer Defensive,Household & Personal Products,69673746432.0,3.0,0.431,0.48,0.6895,1.92,0.14583611,19456999424.0,774119510.0,Mr. Noel R. Wallace
CMCSA,Comcast Corporation,45.09,PA,United States,Communication Services,Telecom Services,179091161088.0,10.0,1.012,0.29,0.3127,1.24,0.1412301,121571999744.0,3930510304.0,Mr. Brian L. Roberts
CMA,Comerica Incorporated,51.48,TX,United States,Financial Services,Banks - Regional,6790109184.0,4.0,1.332,0.71,0.44099998,2.84,-0.31633466,3503000064.0,130939356.0,Mr. Curtis Chatman Farmer
CAG,"Conagra Brands, Inc.",29.46,IL,United States,Consumer Defensive,Packaged Foods,14082026496.0,8.0,0.419,0.35,0.66339993,1.4,-0.20184231,12171899904.0,475060517.0,Mr. Sean M. Connolly
COP,ConocoPhillips,110.63,TX,United States,Energy,Oil & Gas E&P,131363168256.0,5.0,1.25,0.58,0.4946,2.29,0.029211998,61838999552.0,1184843141.0,Mr. Ryan M. Lance
ED,"Consolidated Edison, Inc.",91.1,NY,United States,Utilities,Utilities - Regulated Electric,31449540608.0,5.0,0.365,0.81,0.4756,3.32,-0.026189208,15249999872.0,344646714.0,Mr. Timothy P. Cawley
STZ,"Constellation Brands, Inc.",250.59,NY,United States,Consumer Defensive,Beverages - Wineries & Distilleries,45812862976.0,9.0,0.964,0.89,0.4026,3.56,0.08017588,9820399616.0,166035805.0,Mr. William A. Newlands
CEG,Constellation Energy Corporation,129.71,MD,United States,Utilities,Utilities - Renewable,41427042304.0,8.0,0.548,0.282,0.1894,1.13,0.5578909,26454999040.0,318726952.0,Mr. Joseph  Dominguez
COO,"The Cooper Companies, Inc.",376.29,CA,United States,Healthcare,Medical Instruments & Supplies,18636138496.0,8.0,0.952,0.03,0.010199999,0.06,0.08616209,3593200128.0,49210997.0,Mr. Albert G. White III
CPRT,"Copart, Inc.",50.03,TX,United States,Industrials,Specialty Business Services,48040353792.0,8.0,1.204,,,,0.47038937,3996561920.0,873215269.0,Mr. Willis J. Johnson
GLW,Corning Incorporated,32.25,NY,United States,Technology,Electronic Components,27514892288.0,8.0,1.099,0.28,1.6471001,1.12,-0.07909769,12999999488.0,769597868.0,Mr. Wendell P. Weeks
CTVA,"Corteva, Inc.",53.04,IN,United States,Basic Materials,Agricultural Inputs,37194833920.0,4.0,0.732,0.16,0.47689998,0.64,-0.12619442,17226000384.0,700011757.0,"Mr. Charles Victor Magro B.Sc. (Chem), MBA"
CSGP,"CoStar Group, Inc.",83.94,DC,United States,Real Estate,Real Estate Services,34277992448.0,3.0,0.881,,,,0.10841143,2388285952.0,403589600.0,Mr. Andrew C. Florance
COST,Costco Wholesale Corporation,709.48,WA,United States,Consumer Defensive,Discount Stores,314816135168.0,2.0,0.751,1.02,0.2699,4.08,0.37605464,245651996672.0,442375044.0,Mr. Ron M. Vachris
CTRA,Coterra Energy Inc.,24.55,TX,United States,Energy,Oil & Gas E&P,18466312192.0,5.0,0.222,0.2,0.5709,0.8,0.031079412,6393999872.0,740096448.0,Mr. Thomas E. Jorden
CCI,Crown Castle Inc.,108.32,TX,United States,Real Estate,REIT - Specialty,46977191936.0,2.0,0.766,1.565,1.8091999,6.26,-0.2568606,6981000192.0,431873400.0,Mr. Anthony J. Melone
CSX,CSX Corporation,36.53,FL,United States,Industrials,Railroads,72188026880.0,2.0,1.177,0.11,0.2378,0.44,0.1397816,14657000448.0,1961202760.0,Mr. Joseph R. Hinrichs
CMI,Cummins Inc.,244.65,IN,United States,Industrials,Specialty Industrial Machinery,34677911552.0,8.0,1.031,1.68,0.32549998,6.72,-0.02491033,33291999232.0,141037556.0,Ms. Jennifer W. Rumsey
CVS,CVS Health Corporation,73.09,RI,United States,Healthcare,Healthcare Plans,94059511808.0,5.0,0.477,0.665,0.36220002,2.66,-0.14263928,346600996864.0,1283434830.0,Ms. Karen Sue Lynch
DHR,Danaher Corporation,246.33,DC,United States,Healthcare,Diagnostics & Research,182087139328.0,7.0,0.871,0.24,0.1858,0.96,0.053498507,23889999872.0,688424352.0,Mr. Steven M. Rales
DRI,"Darden Restaurants, Inc.",166.52,FL,United States,Consumer Cyclical,Restaurants,19884320768.0,2.0,1.242,1.31,0.6102,5.14,0.11168969,11013099520.0,118798236.0,Mr. Ricardo  Cardenas
DVA,DaVita Inc.,111.21,CO,United States,Healthcare,Medical Care Facilities,10158811136.0,5.0,1.006,,,,0.32471704,11911287808.0,54157334.0,Mr. Javier J. Rodriguez
DAY,Dayforce Inc,71.42,MN,United States,Technology,Software - Application,,9.0,1.373,,,,-0.034995258,1450099968.0,137268429.0,Mr. David D. Ossip
DE,Deere & Company,392.6,IL,United States,Industrials,Farm & Heavy Construction Machinery,109924081664.0,6.0,1.066,1.47,0.1458,5.88,-0.042975903,61221998592.0,259737941.0,Mr. John C. May II
DAL,"Delta Air Lines, Inc.",39.98,GA,United States,Industrials,Airlines,25725648896.0,3.0,1.381,0.1,0.0279,0.4,0.008577228,58048000000.0,635920020.0,Mr. Edward H. Bastian
XRAY,DENTSPLY SIRONA Inc.,34.19,NC,United States,Healthcare,Medical Instruments & Supplies,7243492864.0,1.0,1.043,0.14,0.2883,0.56,-0.1023891,3936000000.0,210313810.0,Mr. Simon D. Campion
DVN,Devon Energy Corporation,41.3,OK,United States,Energy,Oil & Gas E&P,26460911616.0,2.0,2.226,0.77,0.5877,2.87,-0.31326902,14929999872.0,635465481.0,Mr. Richard E. Muncrief
DXCM,"DexCom, Inc.",120.96,CA,United States,Healthcare,Medical Devices,46167285760.0,4.0,1.225,,,,0.13332713,3403000064.0,383611361.0,Mr. Kevin Ronald Sayer
FANG,"Diamondback Energy, Inc.",150.22,TX,United States,Energy,Oil & Gas E&P,26887124992.0,4.0,1.87,3.37,0.39020002,7.99,0.09553671,7744000000.0,178073878.0,Mr. Travis D. Stice
DLR,"Digital Realty Trust, Inc.",144.49,TX,United States,Real Estate,REIT - Specialty,44695240704.0,8.0,0.546,1.22,1.6886001,4.88,0.26302445,5312579072.0,302222158.0,Mr. Andrew P. Power
DFS,Discover Financial Services,107.0,IL,United States,Financial Services,Credit Services,26756206592.0,7.0,1.444,0.7,0.23979999,2.8,-0.08664107,12920999936.0,248172500.0,Mr. John B. Owen
DG,Dollar General Corporation,136.16,TN,United States,Consumer Defensive,Discount Stores,29886711808.0,5.0,0.408,0.59,0.26700002,2.36,-0.40369624,39036002304.0,218026622.0,Mr. Todd J. Vasos
DLTR,"Dollar Tree, Inc.",138.71,VA,United States,Consumer Defensive,Discount Stores,30221027328.0,9.0,0.902,,,,-0.08120817,29684600832.0,204980454.0,Mr. Richard W. Dreiling
D,"Dominion Energy, Inc.",45.64,VA,United States,Utilities,Utilities - Regulated Electric,38191415296.0,3.0,0.586,0.668,0.88699996,2.67,-0.26077098,17898000384.0,835181753.0,Mr. Robert M. Blue
DPZ,"Domino's Pizza, Inc.",422.06,MI,United States,Consumer Cyclical,Restaurants,14721874944.0,9.0,0.868,1.21,0.3238,4.84,0.18562841,4468617216.0,36165545.0,Mr. David Allen Brandon
DOV,Dover Corporation,158.75,IL,United States,Industrials,Specialty Industrial Machinery,22207537152.0,3.0,1.316,0.51,0.2699,2.04,0.014636278,8438133760.0,139172551.0,Mr. Richard Joseph Tobin
DOW,Dow Inc.,53.42,MI,United States,Basic Materials,Chemicals,37516488704.0,2.0,1.311,0.7,3.4146,2.8,-0.11100018,44622000128.0,700706250.0,Mr. James R. Fitterling
DHI,"D.R. Horton, Inc.",146.89,TX,United States,Consumer Cyclical,Residential Construction,48740597760.0,7.0,1.635,0.3,0.0756,1.2,0.4961295,35928600576.0,289298215.0,Mr. Donald R. Horton
DTE,DTE Energy Company,105.08,MI,United States,Utilities,Utilities - Regulated Electric,21673697280.0,6.0,0.656,1.02,0.6298,4.08,-0.07678789,13827000320.0,205499695.0,Mr. Gerardo  Norcia
DUK,Duke Energy Corporation,96.22,NC,United States,Utilities,Utilities - Regulated Electric,74157907968.0,1.0,0.47,1.025,0.85410005,4.1,-0.05490619,28750000128.0,769023869.0,Ms. Lynn J. Good
DD,"DuPont de Nemours, Inc.",62.36,DE,United States,Basic Materials,Specialty Chemicals,26817419264.0,5.0,1.178,0.36,0.7157,1.44,-0.1381979,12273999872.0,429010390.0,Mr. Edward D. Breen
EMN,Eastman Chemical Company,82.6,TN,United States,Basic Materials,Specialty Chemicals,9688979456.0,5.0,1.541,0.81,0.4246,3.24,-0.08212024,9210000384.0,116464824.0,Mr. Mark J. Costa
ETN,Eaton Corporation plc,270.1,,Ireland,Industrials,Specialty Industrial Machinery,107850932224.0,3.0,1.051,0.86,0.4289,3.44,0.6636896,23196000256.0,397701900.0,Mr. Craig  Arnold
EBAY,eBay Inc.,41.94,CA,United States,Consumer Cyclical,Internet Retail,21766858752.0,4.0,1.341,0.25,0.19479999,1.0,-0.16086435,10060000256.0,517126410.0,Mr. Jamie J. Iannone
ECL,Ecolab Inc.,199.33,MN,United States,Basic Materials,Specialty Chemicals,56836956160.0,9.0,1.083,0.57,0.4919,2.28,0.31406152,15052999680.0,254085260.0,Mr. Christophe  Beck
EIX,Edison International,66.87,CA,United States,Utilities,Utilities - Regulated Electric,25649260544.0,1.0,0.953,0.78,0.919,3.12,-0.013862252,16647999488.0,382636641.0,Dr. Pedro J. Pizarro
EW,Edwards Lifesciences Corporation,86.09,CA,United States,Healthcare,Medical Devices,52213579776.0,2.0,1.049,,,,0.08850682,5818999808.0,600513845.0,Mr. Bernard J. Zovighian
EA,Electronic Arts Inc.,136.64,CA,United States,Communication Services,Electronic Gaming & Multimedia,36751515648.0,3.0,0.818,0.19,0.19139999,0.76,0.2179339,7656999936.0,243280910.0,Mr. Andrew  Wilson
ELV,"Elevance Health, Inc.",495.12,IN,United States,Healthcare,Healthcare Plans,116332904448.0,1.0,0.82,1.48,0.2347,6.52,0.03436601,171340005376.0,235219932.0,Ms. Gail Koziara Boudreaux
LLY,Eli Lilly and Company,667.65,IN,United States,Healthcare,Drug Manufacturers - General,633804816384.0,5.0,0.307,1.13,0.7917,5.2,0.9772848,32072499200.0,897274803.0,Mr. David A. Ricks
EMR,Emerson Electric Co.,93.98,MO,United States,Industrials,Specialty Industrial Machinery,53711822848.0,7.0,1.337,0.525,0.5591,2.1,0.03925693,15164999680.0,567243799.0,Mr. Surendralal Lanca Karsanbhai
ENPH,"Enphase Energy, Inc.",101.76,CA,United States,Technology,Solar,13895431168.0,9.0,1.617,,,,-0.5436567,2712868096.0,131081188.0,Mr. Badrinarayanan  Kothandaraman
ETR,Entergy Corporation,100.59,LA,United States,Utilities,Utilities - Regulated Electric,21272068096.0,4.0,0.703,1.13,0.6167,4.52,-0.07571441,12695106560.0,210274022.0,Mr. Andrew S. Marsh
EOG,"EOG Resources, Inc.",110.85,TX,United States,Energy,Oil & Gas E&P,64642179072.0,2.0,1.417,0.91,0.2392,3.64,-0.104821146,23726999552.0,580420462.0,Mr. Ezra Y. Yacob
EPAM,"EPAM Systems, Inc.",290.32,PA,United States,Technology,Information Technology Services,16751609856.0,9.0,1.498,,,,-0.2107867,4764585984.0,55873679.0,Mr. Arkadiy  Dobkin
EQT,EQT Corporation,35.04,PA,United States,Energy,Oil & Gas E&P,14413073408.0,4.0,1.103,0.158,0.082200006,0.63,0.16877913,6178088960.0,402624102.0,Mr. Toby Z. Rice
EFX,Equifax Inc.,249.9,GA,United States,Industrials,Consulting Services,30791927808.0,9.0,1.517,0.39,0.3697,1.56,0.124611855,5136600064.0,122680783.0,Mr. Mark W. Begor
EQIX,"Equinix, Inc.",843.47,CA,United States,Real Estate,REIT - Specialty,79187828736.0,4.0,0.612,4.26,1.4349,17.04,0.16528738,7489844224.0,93510707.0,Mr. Peter F. Van Camp
EQR,Equity Residential,60.17,IL,United States,Real Estate,REIT - Residential,22821939200.0,7.0,0.875,0.663,1.2045,2.65,-0.059549868,2873964032.0,376973946.0,Mr. Mark J. Parrell
ESS,"Essex Property Trust, Inc.",236.02,CA,United States,Real Estate,REIT - Residential,15681971200.0,4.0,0.84,2.31,1.1201999,9.24,0.041708946,1698491008.0,63560730.0,Ms. Angela L. Kleiman
EL,The Estée Lauder Companies Inc.,134.12,NY,United States,Consumer Defensive,Household & Personal Products,47994437632.0,10.0,1.058,0.66,1.7255,2.64,-0.48646474,15498000384.0,230993554.0,Mr. William P. Lauder
ETSY,"Etsy, Inc.",75.7,NY,United States,Consumer Cyclical,Internet Retail,9064771584.0,9.0,2.056,,,,-0.47626954,2713295872.0,118576333.0,Mr. Joshua G. Silverman
EG,"Everest Group, Ltd.",381.34,,Bermuda,Financial Services,Insurance - Reinsurance,16546495488.0,5.0,0.552,1.75,0.1238,7.0,0.10280812,14153900032.0,32967176.0,Mr. Juan Carlos Andrade
EVRG,"Evergy, Inc.",50.7,MO,United States,Utilities,Utilities - Regulated Electric,11646854144.0,1.0,0.554,0.643,0.82769996,2.57,-0.18383771,5599900160.0,228544587.0,Mr. David A. Campbell
ES,Eversource Energy,55.2,MA,United States,Utilities,Utilities - Regulated Electric,19282796544.0,5.0,0.595,0.675,0.7972,2.86,-0.3211167,12246207488.0,348173433.0,Mr. Joseph R. Nolan Jr.
EXC,Exelon Corporation,34.35,IL,United States,Utilities,Utilities - Regulated Electric,34193258496.0,2.0,0.613,0.36,0.6593,1.44,-0.16137695,21026000896.0,993556039.0,Mr. Calvin  Butler Jr.
EXPE,"Expedia Group, Inc.",151.05,WA,United States,Consumer Cyclical,Travel Services,20972990464.0,10.0,1.872,0.34,,,0.2685815,12570000384.0,132429278.0,Mr. Barry  Diller
EXPD,"Expeditors International of Washington, Inc.",124.33,WA,United States,Industrials,Integrated Freight & Logistics,18076213248.0,7.0,0.994,0.69,0.2547,1.38,0.08727586,10463869952.0,144264057.0,Mr. Jeffrey S. Musser
EXR,Extra Space Storage Inc.,143.53,UT,United States,Real Estate,REIT - Industrial,31360155648.0,7.0,0.77,1.62,1.2,6.48,-0.1456039,2318781952.0,208898834.0,Mr. Joseph Daniel Margolis J.D.
XOM,Exxon Mobil Corporation,101.97,TX,United States,Energy,Oil & Gas Integrated,404922892288.0,7.0,0.96,0.95,0.4139,3.8,-0.08735347,338196987904.0,3961072500.0,Mr. Darren W. Woods
FFIV,"F5, Inc.",185.23,WA,United States,Technology,Software - Infrastructure,10891357184.0,5.0,1.08,,,,0.2607541,2805388032.0,58330740.0,Mr. Francois  Locoh-Donou
FDS,FactSet Research Systems Inc.,486.77,CT,United States,Financial Services,Financial Data & Stock Exchanges,18539317248.0,6.0,0.765,0.98,0.3099,3.83,0.14029706,2122909056.0,37965273.0,Mr. Frederick Philip Snow
FICO,Fair Isaac Corporation,1255.3,MT,United States,Technology,Software - Application,31196841984.0,9.0,1.267,0.02,,,0.863984,1550745984.0,24132590.0,Mr. William J. Lansing
FAST,Fastenal Company,70.65,MN,United States,Industrials,Industrial Distribution,40410529792.0,3.0,1.065,0.39,0.6931,1.56,0.32750845,7346699776.0,570340778.0,Mr. Daniel L. Florness
FRT,Federal Realty Investment Trust,101.97,MD,United States,Real Estate,REIT - Retail,8388072448.0,3.0,1.259,1.09,1.2587,4.36,-0.086699486,1124184960.0,80564511.0,Mr. Donald C. Wood CPA
FDX,FedEx Corporation,242.36,TN,United States,Industrials,Integrated Freight & Logistics,60564066304.0,7.0,1.216,1.26,0.2859,5.04,0.15086186,87945003008.0,229456335.0,Mr. Frederick W. Smith
FIS,"Fidelity National Information Services, Inc.",62.29,FL,United States,Technology,Information Technology Services,36905828352.0,5.0,0.939,0.52,1.1765,2.08,-0.14776301,14645000192.0,589775951.0,Ms. Stephanie L. Ferris
FITB,Fifth Third Bancorp,33.85,OH,United States,Financial Services,Banks - Regional,23056080896.0,9.0,1.309,0.35,0.42240003,1.36,-0.091031134,8192999936.0,677440114.0,Mr. Timothy N. Spence
FSLR,"First Solar, Inc.",141.82,AZ,United States,Technology,Solar,15152616448.0,6.0,1.444,,,,-0.15316176,3162439936.0,100694259.0,Mr. Mark R. Widmar
FE,FirstEnergy Corp.,36.79,OH,United States,Utilities,Utilities - Regulated Electric,21110652928.0,4.0,0.486,0.41,1.6421001,1.64,-0.07353312,12709999616.0,514183987.0,Mr. K. Jon Taylor
FI,"Fiserv, Inc.",144.9,WI,United States,Technology,Information Technology Services,86966943744.0,1.0,0.926,,,,0.36184216,18806999040.0,595990418.0,Mr. Frank J. Bisignano
FLT,"FLEETCOR Technologies, Inc.",295.95,GA,United States,Technology,Software - Infrastructure,21368803328.0,9.0,1.256,,,,0.40433705,3704008960.0,69830055.0,Mr. Ronald F. Clarke
FMC,FMC Corporation,61.43,PA,United States,Basic Materials,Agricultural Inputs,7663945216.0,6.0,0.887,0.58,0.4936,2.32,-0.5129628,4962699776.0,124102655.0,Mr. Mark A. Douglas
F,Ford Motor Company,12.14,MI,United States,Consumer Cyclical,Auto Manufacturers,48595812352.0,10.0,1.655,0.15,0.39220002,0.6,-0.07610351,174227996672.0,3921894610.0,Mr. William Clay Ford Jr.
FTNT,"Fortinet, Inc.",66.44,CA,United States,Technology,Software - Infrastructure,51019943936.0,8.0,1.085,,,,0.277938,5172700160.0,646103782.0,Mr. Ken  Xie
FTV,Fortive Corporation,83.02,WA,United States,Technology,Scientific & Technical Instruments,29115113472.0,8.0,1.183,0.08,0.1193,0.32,0.20423555,6065299968.0,349430466.0,Mr. James A. Lico
FOXA,Fox Corporation,31.8,NY,United States,Communication Services,Entertainment,14820866048.0,10.0,0.819,0.26,0.2488,0.52,-0.06387991,14928000000.0,376845789.0,Mr. Lachlan Keith Murdoch
FOX,Fox Corporation,29.56,NY,United States,Communication Services,Entertainment,14830901248.0,10.0,0.819,0.26,0.2488,0.52,-0.070732474,14928000000.0,376845789.0,Mr. Lachlan Keith Murdoch
BEN,"Franklin Resources, Inc.",26.91,CA,United States,Financial Services,Asset Management,14169675776.0,8.0,1.396,0.31,0.6368,1.24,-0.1622042,7873399808.0,313012357.0,Mr. Gregory Eugene Johnson CPA
FCX,Freeport-McMoRan Inc.,40.1,AZ,United States,Basic Materials,Copper,57502597120.0,3.0,2.046,0.15,0.4688,0.6,-0.06635624,22855000064.0,1435899160.0,Mr. Richard C. Adkerson
GRMN,Garmin Ltd.,120.41,,Switzerland,Technology,Scientific & Technical Instruments,23038167040.0,9.0,0.988,0.73,0.5387,2.92,0.22293317,5052106240.0,153376731.0,Mr. Clifton  Albert Pemble
IT,"Gartner, Inc.",469.89,CT,United States,Technology,Information Technology Services,37027332096.0,1.0,1.284,1.195,,,0.37825942,5825554944.0,75430092.0,Mr. Eugene A. Hall
GEHC,GE HealthCare Technologies Inc.,73.91,IL,United States,Healthcare,Health Information Services,33647011840.0,7.0,,0.03,0.0178,0.12,0.028527737,19284000768.0,393093203.0,Mr. Peter J. Arduini
GEN,Gen Digital Inc.,21.23,AZ,United States,Technology,Software - Infrastructure,13602379776.0,1.0,1.141,0.125,0.22620001,0.5,-0.0037540793,3792000000.0,581962860.0,Mr. Vincent  Pilette
GNRC,Generac Holdings Inc.,116.14,WI,United States,Industrials,Specialty Industrial Machinery,7134666240.0,9.0,1.431,5.0,,,-0.04324901,4008229120.0,60393998.0,Mr. Aaron P. Jagdfeld
GD,General Dynamics Corporation,265.27,VA,United States,Industrials,Aerospace & Defense,72391385088.0,2.0,0.69,1.32,0.4393,5.28,0.14168286,42271997952.0,254697910.0,Ms. Phebe N. Novakovic
GE,General Electric Company,136.54,MA,United States,Industrials,Specialty Industrial Machinery,148600569856.0,8.0,1.284,0.08,0.0401,0.32,0.65804493,67953999872.0,1084568667.0,Mr. H. Lawrence Culp Jr.
GIS,"General Mills, Inc.",64.8,MN,United States,Consumer Defensive,Packaged Foods,36799270912.0,5.0,0.194,0.59,0.5499,2.36,-0.16040426,20199999488.0,565431136.0,Mr. Jeffrey L. Harmening
GM,General Motors Company,38.91,MI,United States,Consumer Cyclical,Auto Manufacturers,44918870016.0,4.0,1.522,0.09,0.049200002,0.48,-0.05878085,171841994752.0,1149584667.0,Ms. Mary T. Barra
GPC,Genuine Parts Company,142.38,GA,United States,Consumer Cyclical,Specialty Retail,19961247744.0,5.0,0.934,0.95,0.42270002,3.8,-0.15841115,23028375552.0,139456393.0,Mr. Paul D. Donahue
GILD,"Gilead Sciences, Inc.",76.96,CA,United States,Healthcare,Drug Manufacturers - General,95895240704.0,1.0,0.254,0.75,0.6381,3.0,-0.108846664,27391000576.0,1243674415.0,Mr. Daniel P.  O'Day
GPN,Global Payments Inc.,136.5,GA,United States,Industrials,Specialty Business Services,35543097344.0,7.0,1.005,0.25,0.3049,1.0,0.22784925,9473591296.0,257826323.0,Mr. Cameron M. Bready CPA
GL,Globe Life Inc.,120.86,TX,United States,Financial Services,Insurance - Life,11375186944.0,7.0,0.723,0.225,0.1091,0.9,-0.005185604,5355121152.0,91073999.0,Mr. Frank Martin Svoboda
GS,"The Goldman Sachs Group, Inc.",387.86,NY,United States,Financial Services,Capital Markets,126485798912.0,6.0,1.454,2.75,0.4591,11.0,0.046008587,45226000384.0,352399471.0,Mr. David  Solomon
HAL,Halliburton Company,34.77,TX,United States,Energy,Oil & Gas Equipment & Services,31120959488.0,4.0,2.033,0.16,0.2192,0.68,-0.09240407,23018000384.0,888401050.0,Mr. Jeffrey Allen Miller
HIG,"The Hartford Financial Services Group, Inc.",90.32,CT,United States,Financial Services,Insurance - Property & Casualty,26960519168.0,3.0,0.861,0.47,0.2189,1.88,0.20042527,24526999552.0,297019440.0,Mr. Christopher Jerome Swift CPA
HAS,"Hasbro, Inc.",50.07,RI,United States,Consumer Cyclical,Leisure,6947913216.0,5.0,0.734,0.7,3.2557998,2.8,-0.17280686,5392900096.0,130828224.0,Mr. Christian  Cocks
HCA,"HCA Healthcare, Inc.",309.42,TN,United States,Healthcare,Medical Care Facilities,82819670016.0,5.0,1.654,0.6,0.1265,2.64,0.22049546,64967999488.0,197133239.0,Mr. Samuel N. Hazen
PEAK,"Healthpeak Properties, Inc.",18.31,CO,United States,Real Estate,REIT - Healthcare Facilities,10297507840.0,1.0,1.054,0.3,2.7273002,1.2,-0.33223927,2151819008.0,544612519.0,Mr. Scott M. Brinker
HSIC,"Henry Schein, Inc.",76.14,NY,United States,Healthcare,Medical Distribution,9893479424.0,6.0,0.819,,,,-0.11701262,12693000192.0,128201065.0,Mr. Stanley M. Bergman
HSY,The Hershey Company,197.66,PA,United States,Consumer Defensive,Confectioners,40421076992.0,10.0,0.337,1.192,0.4634,4.77,-0.17823142,11160218624.0,147255052.0,Ms. Michele Gross Buck
HES,Hess Corporation,145.96,NY,United States,Energy,Oil & Gas E&P,44832931840.0,5.0,1.377,0.438,0.38979998,1.75,0.063073516,10295000064.0,284262517.0,Mr. John B. Hess
HPE,Hewlett Packard Enterprise Company,15.41,TX,United States,Technology,Communication Equipment,20032999424.0,2.0,1.257,0.13,0.3117,0.52,-0.04345125,29134999552.0,1293539000.0,Mr. Antonio Fabio Neri
HLT,Hilton Worldwide Holdings Inc.,195.01,VA,United States,Consumer Cyclical,Lodging,50008363008.0,6.0,1.238,0.15,0.121199995,0.6,0.33358407,4332000256.0,252057740.0,Mr. Christopher J. Nassetta
HOLX,"Hologic, Inc.",72.44,MA,United States,Healthcare,Medical Instruments & Supplies,17003986944.0,7.0,1.017,,,,-0.14109558,3969299968.0,232640063.0,Mr. Stephen P. MacMillan
HD,"The Home Depot, Inc.",357.23,GA,United States,Consumer Cyclical,Home Improvement Retail,355537453056.0,2.0,0.977,2.09,0.5237,8.36,0.08491516,153713999872.0,993400704.0,Mr. Edward P. Decker
HON,Honeywell International Inc.,196.11,NC,United States,Industrials,Conglomerates,129285718016.0,6.0,1.048,1.08,0.4923,4.32,-0.03886491,36662001664.0,625125865.0,Mr. Darius E. Adamczyk
HRL,Hormel Foods Corporation,30.6,MN,United States,Consumer Defensive,Packaged Foods,16733303808.0,8.0,0.225,0.283,0.7586,1.13,-0.32953548,12110010368.0,288370635.0,Mr. James P. Snee
HST,"Host Hotels & Resorts, Inc.",19.41,MD,United States,Real Estate,REIT - Hotel & Motel,13886845952.0,6.0,1.322,0.45,0.5429,0.65,0.048056126,5257999872.0,696809517.0,Mr. James F. Risoleo
HWM,Howmet Aerospace Inc.,57.72,PA,United States,Industrials,Aerospace & Defense,23765864448.0,2.0,1.234,0.05,0.1039,0.18,0.44444442,6422000128.0,406531670.0,Mr. John C. Plant FCA
HPQ,HP Inc.,28.68,CA,United States,Technology,Computer Hardware,28676730880.0,1.0,1.057,0.276,0.32209998,1.1,-0.03661406,53717999616.0,935917272.0,Mr. Enrique J. Lores
HUBB,Hubbell Incorporated,354.03,CT,United States,Industrials,Electrical Equipment & Parts,18983831552.0,5.0,0.925,1.22,0.32599998,4.88,0.46172583,5372899840.0,53341112.0,Mr. Gerben W. Bakker
HUM,Humana Inc.,378.87,KY,United States,Healthcare,Healthcare Plans,46307004416.0,1.0,0.486,0.885,0.177,3.54,-0.22078484,106373996544.0,121859992.0,Mr. Bruce Dale Broussard
HBAN,Huntington Bancshares Incorporated,12.59,OH,United States,Financial Services,Banks - Regional,18234349568.0,9.0,1.141,0.155,0.5,0.62,-0.18033856,6958000128.0,1436110616.0,Mr. Stephen D. Steinour
HII,"Huntington Ingalls Industries, Inc.",268.5,VA,United States,Industrials,Aerospace & Defense,10630103040.0,3.0,0.594,1.3,0.2941,5.2,0.20940495,11454000128.0,38732361.0,Mr. Christopher D. Kastner
IBM,International Business Machines Corporation,185.79,NY,United States,Technology,Information Technology Services,169648373760.0,6.0,0.764,1.66,0.8135,6.64,0.36429727,61859999744.0,912962070.0,Mr. Arvind  Krishna
IEX,IDEX Corporation,220.72,IL,United States,Industrials,Specialty Industrial Machinery,16692061184.0,6.0,0.96,0.64,0.305,2.56,-0.020197988,3295699968.0,75388075.0,Mr. Eric D. Ashleman
IDXX,"IDEXX Laboratories, Inc.",527.14,ME,United States,Healthcare,Diagnostics & Research,43779870720.0,6.0,1.271,,,,0.085700154,3587919872.0,82136472.0,Mr. Jonathan J. Mazelsky
ITW,Illinois Tool Works Inc.,256.06,IL,United States,Industrials,Specialty Industrial Machinery,77044875264.0,4.0,1.157,1.4,0.5565,5.6,0.057356358,16106999808.0,272805905.0,Mr. Christopher A. O'Herlihy
ILMN,"Illumina, Inc.",144.21,CA,United States,Healthcare,Diagnostics & Research,22900549632.0,10.0,1.162,,,,-0.30900812,4464999936.0,158345832.0,"Dr. Joydeep  Goswami M.B.A., Ph.D."
INCY,Incyte Corporation,58.35,DE,United States,Healthcare,Biotechnology,13076759552.0,8.0,0.759,,,,-0.30832148,3609008128.0,186577664.0,Mr. Herve  Hoppenot
IR,Ingersoll Rand Inc.,83.74,NC,United States,Industrials,Specialty Industrial Machinery,33897699328.0,10.0,1.465,0.02,0.0435,0.08,0.48501503,6678400000.0,403525913.0,Mr. Vicente  Reynal
PODD,Insulet Corporation,194.02,MA,United States,Healthcare,Medical Devices,13547951104.0,9.0,1.016,,,,-0.33593458,1556999936.0,69451248.0,Dr. James R. Hollingshead Ph.D.
INTC,Intel Corporation,42.6,CA,United States,Technology,Semiconductors,180112785408.0,3.0,0.995,0.125,1.85,0.5,0.4848379,54228000768.0,4221573440.0,Mr. Patrick P. Gelsinger
ICE,"Intercontinental Exchange, Inc.",128.7,GA,United States,Financial Services,Financial Data & Stock Exchanges,73663250432.0,3.0,0.996,0.42,0.3805,1.68,0.18814623,7554999808.0,570228989.0,Mr. Jeffrey C. Sprecher
IFF,International Flavors & Fragrances Inc.,81.27,NY,United States,Basic Materials,Specialty Chemicals,20746524672.0,3.0,1.234,0.81,54.0,3.24,-0.2792657,11619999744.0,254737942.0,Mr. Franklin K. Clyburn Jr.
IP,International Paper Company,33.46,TN,United States,Consumer Cyclical,Packaging & Containers,11577728000.0,5.0,1.014,0.463,2.1512,1.85,-0.17464232,18915999744.0,344523170.0,Mr. Mark Stephan Sutton
IPG,"The Interpublic Group of Companies, Inc.",33.08,NY,United States,Communication Services,Advertising Agencies,12669772800.0,10.0,1.153,0.31,0.5105,1.24,-0.15891176,9364899840.0,381261462.0,Mr. Philippe  Krakowsky
INTU,Intuit Inc.,639.58,CA,United States,Technology,Software - Application,179041468416.0,1.0,1.229,0.9,0.3549,3.6,0.5411937,14748999680.0,271756270.0,Mr. Sasan K. Goodarzi
ISRG,"Intuitive Surgical, Inc.",383.77,CA,United States,Healthcare,Medical Instruments & Supplies,135212154880.0,2.0,1.364,,,,0.54136884,7124100096.0,350215431.0,Dr. Gary S. Guthart Ph.D.
IVZ,Invesco Ltd.,15.83,GA,United States,Financial Services,Asset Management,7116439552.0,2.0,1.451,0.2,0.5962,0.8,-0.18444103,5716400128.0,326076290.0,Mr. Andrew Ryan Schlossberg
INVH,Invitation Homes Inc.,33.02,TX,United States,Real Estate,REIT - Residential,20290691072.0,9.0,0.963,0.28,1.2346,1.12,-0.000302732,2372969984.0,609651156.0,Mr. Dallas B. Tanner
IQV,IQVIA Holdings Inc.,210.75,NC,United States,Healthcare,Diagnostics & Research,38461874176.0,9.0,1.487,,,,-0.092807055,14855000064.0,180862975.0,Mr. Ari  Bousbib
IRM,Iron Mountain Incorporated,69.12,NH,United States,Real Estate,REIT - Specialty,20182349824.0,3.0,0.949,0.65,2.6654,2.6,0.2578708,5339509248.0,288947037.0,"Mr. William L. Meaney BSc, MEng, MSIA"
JBHT,"J.B. Hunt Transport Services, Inc.",208.49,AR,United States,Industrials,Integrated Freight & Logistics,21520338944.0,9.0,1.144,0.42,0.241,1.72,0.057895303,12829665280.0,81524188.0,Mr. John N. Roberts III
JBL,Jabil Inc.,131.22,FL,United States,Technology,Electronic Components,16736586752.0,6.0,1.381,0.08,0.0544,0.32,0.58823526,33454000128.0,123207785.0,Mr. Mark T. Mondello
JKHY,"Jack Henry & Associates, Inc.",165.64,MO,United States,Technology,Information Technology Services,12063262720.0,6.0,0.659,0.52,0.4141,2.08,-0.06781471,2119868032.0,72276893.0,Mr. David B. Foss
J,Jacobs Solutions Inc.,138.3,TX,United States,Industrials,Engineering & Construction,17469503488.0,7.0,0.746,0.26,0.1469,1.04,0.10710859,16352413696.0,124542386.0,Mr. Steven J. Demetriou
JNJ,Johnson & Johnson,156.61,NJ,United States,Healthcare,Drug Manufacturers - General,377004130304.0,2.0,0.531,1.19,0.90379995,4.76,-0.041319788,85159002112.0,2402921446.0,Mr. Joaquin  Duato
JCI,Johnson Controls International plc,54.45,,Ireland,Industrials,Building Products & Equipment,37107515392.0,5.0,1.253,0.37,0.53900003,1.48,-0.17274386,26819000320.0,678832915.0,Mr. George R. Oliver
JPM,JPMorgan Chase & Co.,174.73,NY,United States,Financial Services,Banks - Diversified,502645751808.0,6.0,1.111,1.05,0.2526,4.2,0.23118663,145983995904.0,2860878150.0,Mr. James  Dimon
JNPR,"Juniper Networks, Inc.",36.94,CA,United States,Technology,Communication Equipment,11830847488.0,5.0,0.943,0.22,0.9263,0.88,0.1993506,5564499968.0,314862072.0,Mr. Rami  Rahim
K,Kellanova,55.06,IL,United States,Consumer Defensive,Packaged Foods,18859151360.0,7.0,0.414,0.56,0.9958,2.24,-0.15028399,15866000384.0,337950530.0,Mr. Steven A. Cahillane
KVUE,Kenvue Inc.,20.83,NJ,United States,Consumer Defensive,Household & Personal Products,39889453056.0,,,0.2,0.35169998,0.8,-0.22565055,15544999936.0,1730466159.0,Mr. Thibaut  Mongon
KDP,Keurig Dr Pepper Inc.,31.65,MA,United States,Consumer Defensive,Beverages - Non-Alcoholic,44257460224.0,10.0,0.677,0.215,0.5949,0.86,-0.101362884,14750000128.0,952406720.0,Mr. Robert J. Gamgort
KEY,KeyCorp,14.37,OH,United States,Financial Services,Banks - Regional,13458423808.0,1.0,1.304,0.205,0.9318,0.82,-0.2735086,5894000128.0,932180880.0,Mr. Christopher Marrott Gorman
KEYS,"Keysight Technologies, Inc.",155.7,CA,United States,Technology,Scientific & Technical Instruments,27195961344.0,7.0,1.118,,,,-0.13128382,5464000000.0,174206140.0,Mr. Satish C. Dhanasekaran
KMB,Kimberly-Clark Corporation,122.26,TX,United States,Consumer Defensive,Household & Personal Products,41316667392.0,3.0,0.4,1.18,0.90599996,4.88,-0.062351406,20430999552.0,336157500.0,Mr. Michael D. Hsu
KIM,Kimco Realty Corporation,20.18,NY,United States,Real Estate,REIT - Retail,13567458304.0,4.0,1.483,0.33,1.2958,0.96,-0.094661295,1771630976.0,602232551.0,Mr. Milton  Cooper
KMI,"Kinder Morgan, Inc.",16.96,TX,United States,Energy,Oil & Gas Midstream,37698174976.0,8.0,0.935,0.283,1.0275,1.13,-0.06659329,15333999616.0,1935290560.0,Ms. Kimberly Allen Dang
KLAC,KLA Corporation,604.32,CA,United States,Technology,Semiconductor Equipment & Materials,81724612608.0,4.0,1.355,1.45,0.2709,5.8,0.4899776,9671427072.0,134909090.0,Mr. Richard P. Wallace
KHC,The Kraft Heinz Company,37.65,PA,United States,Consumer Defensive,Packaged Foods,46179233792.0,4.0,0.678,0.4,0.66120005,1.6,-0.05709994,27160999936.0,800009863.0,Mr. Carlos A. Abrams-Rivera
KR,The Kroger Co.,46.14,OH,United States,Consumer Defensive,Grocery Stores,33194176512.0,7.0,0.447,0.29,0.4163,1.16,0.035922766,147797000192.0,741350280.0,Mr. William Rodney McMullen
LHX,"L3Harris Technologies, Inc.",207.0,FL,United States,Industrials,Aerospace & Defense,39704879104.0,4.0,0.696,1.14,0.70809996,4.56,-0.025102437,19419000832.0,188540136.0,Mr. Christopher E. Kubasik CPA
LH,Laboratory Corporation of America Holdings,221.54,NC,United States,Healthcare,Diagnostics & Research,18808745984.0,2.0,1.032,0.72,0.29659998,2.88,0.05469346,15070900224.0,84567192.0,Mr. Adam H. Schechter
LRCX,Lam Research Corporation,838.7,CA,United States,Technology,Semiconductor Equipment & Materials,109956087808.0,1.0,1.548,2.0,0.2873,8.0,0.6099434,14317147136.0,130526147.0,Mr. Timothy M. Archer
LW,"Lamb Weston Holdings, Inc.",106.1,ID,United States,Consumer Defensive,Packaged Foods,15317868544.0,5.0,0.692,0.36,0.1453,1.44,0.07020378,6345900032.0,143432633.0,Mr. Thomas P. Werner
LVS,Las Vegas Sands Corp.,50.48,NV,United States,Consumer Cyclical,Resorts & Casinos,38030069760.0,10.0,1.18,0.2,0.2469,0.6,-0.12739843,10371999744.0,235993431.0,Mr. Robert Glen Goldstein
LDOS,"Leidos Holdings, Inc.",110.93,VA,United States,Technology,Information Technology Services,15253540864.0,3.0,0.704,0.38,1.3585,1.52,0.12802517,15155000320.0,136300497.0,Mr. Christopher R. Cage
LEN,Lennar Corporation,154.01,FL,United States,Consumer Cyclical,Residential Construction,42869915648.0,10.0,1.556,0.5,0.1092,2.0,0.49917257,34233366528.0,250618291.0,Mr. Stuart A. Miller
LIN,Linde plc,407.09,,United Kingdom,Basic Materials,Specialty Chemicals,197393858560.0,6.0,0.917,1.275,0.4132,5.1,0.26088703,32451000320.0,483270952.0,Mr. Sanjiv  Lamba
LYV,"Live Nation Entertainment, Inc.",88.2,CA,United States,Communication Services,Entertainment,20314662912.0,10.0,1.294,,,,0.105540276,21200869376.0,157228935.0,Mr. Michael  Rapino
LKQ,LKQ Corporation,47.3,IL,United States,Consumer Cyclical,Auto Parts,12657385472.0,5.0,1.277,0.3,0.3081,1.2,-0.1611988,13365999616.0,265580628.0,Mr. Dominick P. Zarcone
LMT,Lockheed Martin Corporation,425.97,MD,United States,Industrials,Aerospace & Defense,102932668416.0,5.0,0.515,3.15,0.44099998,12.6,-0.09194201,67570999296.0,204256252.0,Mr. James D. Taiclet Jr.
L,Loews Corporation,73.04,NY,United States,Financial Services,Insurance - Property & Casualty,16306253824.0,8.0,0.819,0.063,0.0381,0.25,0.18880212,15436000256.0,184362613.0,Mr. Jonathan M. Tisch
LOW,"Lowe's Companies, Inc.",219.49,NC,United States,Consumer Cyclical,Home Improvement Retail,126231560192.0,3.0,1.09,1.1,0.3298,4.4,0.01676941,90220003328.0,573996882.0,Mr. Marvin R. Ellison
LULU,Lululemon Athletica Inc.,462.4,BC,Canada,Consumer Cyclical,Apparel Retail,58350718976.0,8.0,1.377,,,,0.4852885,9186013184.0,116034916.0,Mr. Calvin R. McDonald
LYB,LyondellBasell Industries N.V.,92.86,TX,United States,Basic Materials,Specialty Chemicals,30120253440.0,2.0,1.175,1.25,0.6981,5.0,-0.060026348,41384001536.0,258120612.0,Mr. Peter Z. E. Vanacker
MTB,M&T Bank Corporation,133.49,NY,United States,Financial Services,Banks - Regional,22179229696.0,8.0,0.832,1.3,0.32930002,5.2,-0.15394855,8997999616.0,164992603.0,Mr. Rene F. Jones CPA
MRO,Marathon Oil Corporation,22.46,TX,United States,Energy,Oil & Gas E&P,13144646656.0,4.0,2.199,0.11,0.1418,0.44,-0.12911981,6454000128.0,583275074.0,Mr. Lee M. Tillman
MPC,Marathon Petroleum Corporation,166.33,OH,United States,Energy,Oil & Gas Refining & Marketing,61209440256.0,7.0,1.498,0.825,0.1301,3.3,0.4288292,149348007936.0,366903360.0,Mr. Michael J. Hennigan
MKTX,MarketAxess Holdings Inc.,224.71,NY,United States,Financial Services,Capital Markets,8517722624.0,2.0,1.0,0.72,0.42040002,2.96,-0.35928947,752547008.0,36994642.0,Mr. Richard Mitchell McVey
MAR,"Marriott International, Inc.",245.12,MD,United States,Consumer Cyclical,Lodging,71989534720.0,7.0,1.613,0.52,0.19510001,2.08,0.42246985,6126000128.0,254448310.0,Mr. Anthony G. Capuano Jr.
MMC,"Marsh & McLennan Companies, Inc.",193.36,NY,United States,Financial Services,Insurance Brokers,95133122560.0,7.0,0.907,0.71,0.3453,2.84,0.12255442,22735998976.0,490814280.0,Mr. John Quinlan Doyle
MLM,"Martin Marietta Materials, Inc.",519.91,NC,United States,Basic Materials,Building Materials,32134178816.0,9.0,0.916,0.74,0.1537,2.96,0.4567386,6215300096.0,61297870.0,Mr. C. Howard Nye
MAS,Masco Corporation,68.67,MI,United States,Industrials,Building Products & Equipment,15416482816.0,8.0,1.256,0.285,0.3093,1.14,0.2641753,8008000000.0,223316148.0,Mr. Keith J. Allman
MA,Mastercard Incorporated,460.58,NY,United States,Financial Services,Credit Services,430337359872.0,1.0,1.093,0.66,0.1927,2.64,0.23489821,25098000384.0,925706080.0,Mr. Michael  Miebach
MTCH,"Match Group, Inc.",37.42,TX,United States,Communication Services,Internet Content & Information,10319424512.0,10.0,1.522,2.0,,,-0.21154654,3364504064.0,267216686.0,Mr. Bernard J. Kim
MKC,"McCormick & Company, Incorporated",67.68,MD,United States,Consumer Defensive,Packaged Foods,18151235584.0,10.0,0.67,0.42,0.619,1.68,-0.10143387,6662199808.0,266482897.0,Mr. Lawrence E. Kurzius
MCD,McDonald's Corporation,297.05,IL,United States,Consumer Cyclical,Restaurants,215462838272.0,4.0,0.708,1.67,0.5362,6.68,0.1087265,25013999616.0,723695504.0,Mr. Christopher J. Kempczinski
MCK,McKesson Corporation,504.45,TX,United States,Healthcare,Medical Distribution,67123126272.0,3.0,0.479,0.62,0.088599995,2.48,0.4085667,291098001408.0,132817650.0,Mr. Brian S. Tyler Ph.D.
MDT,Medtronic plc,87.63,,Ireland,Healthcare,Medical Devices,117128888320.0,6.0,0.757,0.69,0.8896,2.76,0.028038502,31957999616.0,1327553457.0,Mr. Geoffrey Straub Martha
MRK,"Merck & Co., Inc.",126.41,NJ,United States,Healthcare,Drug Manufacturers - General,320325484544.0,4.0,0.359,0.77,21.1429,3.08,0.21513021,60115001344.0,2529259121.0,Mr. Robert M. Davis J.D.
META,"Meta Platforms, Inc.",474.99,CA,United States,Communication Services,Internet Content & Information,1210944192512.0,10.0,1.221,,,2.0,1.5528862,134901997568.0,2184202825.0,Mr. Mark Elliot Zuckerberg
MET,"MetLife, Inc.",65.95,NY,United States,Financial Services,Insurance - Life,48196255744.0,4.0,1.052,0.52,1.1381,2.08,-0.05906689,66905001984.0,610437240.0,Mr. Michel Abbas Khalaf
MTD,Mettler-Toledo International Inc.,1210.11,OH,United States,Healthcare,Diagnostics & Research,26239782912.0,5.0,1.17,,,,-0.22228438,3911002112.0,21332741.0,Mr. Patrick K. Kaltenbach
MGM,MGM Resorts International,44.88,NV,United States,Consumer Cyclical,Resorts & Casinos,15330245632.0,1.0,2.218,0.003,0.0008,0.01,0.08826387,15333946368.0,274007941.0,Mr. William Joseph Hornbuckle IV
MCHP,Microchip Technology Incorporated,84.29,AZ,United States,Technology,Semiconductors,46289707008.0,7.0,1.667,0.439,0.37150002,1.68,-0.0021309257,8541300224.0,528650723.0,Mr. Stephen  Sanghi
MU,"Micron Technology, Inc.",86.48,ID,United States,Technology,Semiconductors,95466143744.0,1.0,1.286,0.115,0.3156,0.46,0.44181395,16181000192.0,1099460127.0,Mr. Sanjay  Mehrotra
MSFT,Microsoft Corporation,411.22,WA,United States,Technology,Software - Infrastructure,3055545483264.0,1.0,0.876,0.75,0.2523,3.0,0.6015111,227583000576.0,7419587792.0,Mr. Satya  Nadella
MAA,"Mid-America Apartment Communities, Inc.",128.0,TN,United States,Real Estate,REIT - Residential,15338880000.0,2.0,0.8,1.47,1.09,5.88,-0.25891614,2134185984.0,115603474.0,Mr. H. Eric Bolton Jr.
MRNA,"Moderna, Inc.",97.5,MA,United States,Healthcare,Biotechnology,37175189504.0,10.0,1.651,,,,-0.42738003,9121000448.0,344028737.0,Mr. Stephane  Bancel
MHK,"Mohawk Industries, Inc.",108.93,GA,United States,Consumer Cyclical,"Furnishings, Fixtures & Appliances",7006312448.0,2.0,1.318,,,,-0.105297744,11173512192.0,53215357.0,Mr. Jeffrey S. Lorberbaum
MOH,"Molina Healthcare, Inc.",354.88,CA,United States,Healthcare,Healthcare Plans,20689504256.0,7.0,0.492,,,,0.18669116,32502999040.0,57614392.0,Mr. Joseph Michael Zubretsky
TAP,Molson Coors Beverage Company,62.07,CO,United States,Consumer Defensive,Beverages - Brewers,13395947520.0,10.0,0.891,0.41,1.3761001,1.64,0.15845466,11540799488.0,193461565.0,Mr. Gavin D. K. Hattersley
MDLZ,"Mondelez International, Inc.",76.87,IL,United States,Consumer Defensive,Confectioners,104612380672.0,6.0,0.635,0.425,0.4475,1.7,0.16170466,36016001024.0,1345030589.0,Mr. Dirk  Van de Put
MPWR,"Monolithic Power Systems, Inc.",635.86,WA,United States,Technology,Semiconductors,30465323008.0,10.0,1.215,1.0,0.4063,4.0,0.4140278,1827072000.0,45909278.0,Mr. Michael R. Hsing
MNST,Monster Beverage Corporation,55.35,CA,United States,Consumer Defensive,Beverages - Non-Alcoholic,57588350976.0,9.0,0.761,0.005208,,,0.07663882,6922849792.0,750678433.0,"Mr. Rodney Cyril Sacks H.Dip.Law, H.Dip.Tax"
MCO,Moody's Corporation,399.6,NY,United States,Financial Services,Financial Data & Stock Exchanges,73129598976.0,4.0,1.309,0.77,0.3662,3.08,0.27050745,5726000128.0,170542096.0,Mr. Robert Scott Fauber
MS,Morgan Stanley,87.27,NY,United States,Financial Services,Capital Markets,143237120000.0,8.0,1.413,0.85,0.62740004,3.4,-0.11759353,53610999808.0,1244020470.0,Mr. James Patrick Gorman
MOS,The Mosaic Company,30.86,FL,United States,Basic Materials,Agricultural Inputs,10086128640.0,3.0,1.506,0.2,0.1899,0.84,-0.38452333,15027900416.0,324527997.0,Mr. Bruce M. Bodine Jr.
MSI,"Motorola Solutions, Inc.",327.62,IL,United States,Technology,Communication Equipment,54374436864.0,6.0,0.902,0.98,0.3559,3.92,0.26866484,9836000256.0,165321209.0,Mr. Gregory Q. Brown
MSCI,MSCI Inc.,593.06,NY,United States,Financial Services,Financial Data & Stock Exchanges,46905827328.0,7.0,1.124,1.38,0.3836,6.4,0.07166612,2528920064.0,76543488.0,Mr. Henry A. Fernandez
NDAQ,"Nasdaq, Inc.",56.65,NY,United States,Financial Services,Financial Data & Stock Exchanges,32685068288.0,3.0,0.948,0.22,0.41349998,0.88,-0.044688046,6064000000.0,407124465.0,Ms. Adena T. Friedman
NTAP,"NetApp, Inc.",87.84,CA,United States,Technology,Computer Hardware,18097762304.0,3.0,1.252,0.5,0.6173,2.0,0.32929778,6101000192.0,204967927.0,Mr. George  Kurian
NFLX,"Netflix, Inc.",564.64,CA,United States,Communication Services,Entertainment,245673738240.0,10.0,1.283,,,,0.5620228,33723297792.0,428570471.0,Mr. Wilmot Reed Hastings Jr.
NEM,Newmont Corporation,34.41,CO,United States,Basic Materials,Gold,39657181184.0,6.0,0.507,0.4,1.8033,1.6,-0.27710086,11054999552.0,793592097.0,Mr. Thomas Ronald Palmer
NWSA,News Corporation,24.7,NY,United States,Communication Services,Entertainment,14249331712.0,10.0,1.348,0.1,0.8333,0.2,0.18921518,9900000256.0,493562815.0,Mr. Robert J. Thomson
NWS,News Corporation,25.7,NY,United States,Communication Services,Entertainment,14246461440.0,10.0,1.348,0.1,0.8333,0.2,0.22790253,9900000256.0,493562815.0,Mr. Robert J. Thomson
NEE,"NextEra Energy, Inc.",58.15,FL,United States,Utilities,Utilities - Regulated Electric,119306936320.0,4.0,0.517,0.468,0.5196,1.87,-0.22990334,28113999872.0,2065195734.0,Mr. John W. Ketchum
NKE,"NIKE, Inc.",100.71,OR,United States,Consumer Cyclical,Footwear & Accessories,152587730944.0,8.0,1.12,0.37,0.4052,1.48,-0.19899786,51541999616.0,1198885790.0,Mr. Mark G. Parker
NI,NiSource Inc.,25.6,IN,United States,Utilities,Utilities - Regulated Gas,10893491200.0,1.0,0.499,0.265,0.65669996,1.06,-0.06123948,5788000256.0,411319425.0,Mr. Lloyd M. Yates
NDSN,Nordson Corporation,256.7,OH,United States,Industrials,Specialty Industrial Machinery,14661549056.0,8.0,1.01,0.68,0.3109,2.72,0.052135468,2628632064.0,51744324.0,Mr. Sundaram  Nagarajan
NSC,Norfolk Southern Corporation,251.08,GA,United States,Industrials,Railroads,56663982080.0,6.0,1.314,1.35,0.6733,5.4,0.018745422,12156000256.0,225256973.0,Mr. Alan H. Shaw
NTRS,Northern Trust Corporation,80.38,IL,United States,Financial Services,Asset Management,16488027136.0,4.0,1.135,0.75,0.5906,3.0,-0.17525136,6749000192.0,202360902.0,Mr. Michael Gerard O'Grady
NOC,Northrop Grumman Corporation,446.58,VA,United States,Industrials,Aerospace & Defense,67003076608.0,4.0,0.382,1.87,0.5425,7.48,-0.005301118,39289999360.0,141246613.0,Ms. Kathy J. Warden
NCLH,Norwegian Cruise Line Holdings Ltd.,17.74,FL,United States,Consumer Cyclical,Travel Services,7547039232.0,9.0,2.618,,,,0.06931889,8082596864.0,422119382.0,Mr. Harry J. Sommer
NRG,"NRG Energy, Inc.",54.73,TX,United States,Utilities,Utilities - Independent Power Producers,12356063232.0,3.0,1.079,0.408,0.2708,1.63,0.578143,29870999552.0,223375848.0,Dr. Lawrence Stephen Coben Ph.D.
NUE,Nucor Corporation,183.39,NC,United States,Basic Materials,Steel,45084413952.0,8.0,1.642,0.54,0.115,2.16,0.07959032,34713501696.0,245127581.0,Mr. Leon J. Topalian
NVDA,NVIDIA Corporation,661.6,CA,United States,Technology,Semiconductors,1634152087552.0,8.0,1.642,0.04,0.0211,0.16,2.1371806,44870000640.0,2369396900.0,Mr. Jen-Hsun  Huang
NVR,"NVR, Inc.",7319.98,VA,United States,Consumer Cyclical,Residential Construction,23386458112.0,10.0,1.121,0.167,,,0.42150986,9682898944.0,3149253.0,Mr. Paul C. Saville
NXPI,NXP Semiconductors N.V.,214.99,,Netherlands,Technology,Semiconductors,55416471552.0,2.0,1.604,1.014,0.36060002,4.06,0.14740884,13166000128.0,257149824.0,Mr. Kurt  Sievers
ORLY,"O'Reilly Automotive, Inc.",1047.31,MO,United States,Consumer Cyclical,Specialty Retail,61961166848.0,9.0,0.833,,,,0.29385388,15624727552.0,58500742.0,Mr. Gregory L. Henslee
OXY,Occidental Petroleum Corporation,57.04,TX,United States,Energy,Oil & Gas E&P,50057220096.0,2.0,1.64,0.18,0.146,0.72,-0.07327378,29304000512.0,874673414.0,Ms. Vicki A. Hollub
ODFL,"Old Dominion Freight Line, Inc.",408.69,NC,United States,Industrials,Trucking,44593799168.0,9.0,1.024,0.4,0.1421,2.08,0.10585272,5866151936.0,97333854.0,Mr. David S. Congdon
OMC,Omnicom Group Inc.,89.96,NY,United States,Communication Services,Advertising Agencies,17806141440.0,2.0,0.978,0.7,0.4076,2.8,-0.011971474,14499500032.0,195877634.0,Mr. John D. Wren
ON,ON Semiconductor Corporation,70.83,AZ,United States,Technology,Semiconductors,30506338304.0,2.0,1.836,,,,-0.11902988,8338500096.0,428940341.0,Mr. Hassane S. El-Khoury
OKE,"ONEOK, Inc.",68.29,OK,United States,Energy,Oil & Gas Midstream,39893106688.0,5.0,1.628,0.99,0.6985,3.96,0.0013196468,17473892352.0,579806920.0,Mr. Pierce H. Norton II
ORCL,Oracle Corporation,115.79,TX,United States,Technology,Software - Infrastructure,318297473024.0,10.0,1.018,0.4,0.41990003,1.6,0.3079182,51627999232.0,1594429738.0,Mr. Lawrence J. Ellison
OTIS,Otis Worldwide Corporation,90.97,CT,United States,Industrials,Specialty Industrial Machinery,37230292992.0,1.0,0.898,0.34,0.38639998,1.36,0.08724749,14209000448.0,407237040.0,Ms. Judith F. Marks
PCAR,PACCAR Inc,103.12,WA,United States,Industrials,Farm & Heavy Construction Machinery,53962698752.0,8.0,0.925,3.2,0.1187,1.08,0.40057945,35127398400.0,513132281.0,Mr. R. Preston Feight
PKG,Packaging Corporation of America,161.37,IL,United States,Consumer Cyclical,Packaging & Containers,14462673920.0,6.0,0.801,1.25,0.58959997,5.0,0.13170624,7802399744.0,87338953.0,Mr. Mark W. Kowlzan
PANW,"Palo Alto Networks, Inc.",345.06,CA,United States,Technology,Software - Infrastructure,108797419520.0,10.0,1.265,,,,1.2086668,7207399936.0,311333526.0,Mr. Nikesh  Arora C.F.A.
PARA,Paramount Global,14.43,NY,United States,Communication Services,Entertainment,9751880704.0,10.0,1.862,0.05,0.932,0.2,-0.40024936,30144999424.0,491714112.0,Mr. Robert Marc Bakish
PH,Parker-Hannifin Corporation,510.36,OH,United States,Industrials,Specialty Industrial Machinery,65569009664.0,7.0,1.498,1.48,0.2851,5.92,0.4623915,19826042880.0,127595329.0,Ms. Jennifer A. Parmentier
PAYX,"Paychex, Inc.",121.77,NY,United States,Industrials,Staffing & Employment Services,43815526400.0,3.0,0.96,0.89,0.7689,3.56,0.0438025,5154500096.0,320860319.0,Mr. John B. Gibson Jr.
PAYC,"Paycom Software, Inc.",194.99,OK,United States,Technology,Software - Application,11251079168.0,10.0,1.259,0.375,0.1284,1.5,-0.40856564,1629687040.0,48700069.0,Mr. Chad R. Richison
PYPL,"PayPal Holdings, Inc.",62.42,CA,United States,Financial Services,Credit Services,67297497088.0,6.0,1.454,,,,-0.24183166,29127999488.0,1075638939.0,Mr. Jonathan Saul Auerbach
PNR,Pentair plc,73.83,,United Kingdom,Industrials,Specialty Industrial Machinery,12204025856.0,4.0,1.188,0.23,0.2347,0.92,0.2679031,4104499968.0,164438787.0,Mr. John L. Stauch
PEP,"PepsiCo, Inc.",170.97,NY,United States,Consumer Defensive,Beverages - Non-Alcoholic,236106153984.0,6.0,0.537,1.265,0.805,4.95,-0.0049470663,91617001472.0,1371371807.0,Mr. Ramon Luis Laguarta
PFE,Pfizer Inc.,26.93,NY,United States,Healthcare,Drug Manufacturers - General,152057823232.0,5.0,0.545,0.42,4.4323997,1.68,-0.38459778,58496000000.0,5638113064.0,"Dr. Albert  Bourla D.V.M., Ph.D."
PCG,PG&E Corporation,16.65,CA,United States,Utilities,Utilities - Regulated Electric,43544911872.0,5.0,1.156,0.01,,0.04,0.063218355,22756999168.0,2060798222.0,Ms. Patricia Kessler Poppe
PM,Philip Morris International Inc.,92.99,CT,United States,Consumer Defensive,Tobacco,144358604800.0,8.0,0.695,1.3,0.9922,5.2,-0.08663195,34279000064.0,1548416308.0,Mr. Andre  Calantzopoulos
PSX,Phillips 66,145.47,TX,United States,Energy,Oil & Gas Refining & Marketing,62552100864.0,9.0,1.371,1.05,0.2713,4.2,0.48317695,147399000064.0,428335900.0,Mr. Greg C. Garland
PNW,Pinnacle West Capital Corporation,68.7,AZ,United States,Utilities,Utilities - Regulated Electric,7790442496.0,5.0,0.484,0.88,0.8258,3.52,-0.09139001,4713731072.0,113074027.0,Mr. Jeffrey B. Guldner
PXD,Pioneer Natural Resources Company,227.47,TX,United States,Energy,Oil & Gas E&P,53142224896.0,6.0,1.326,3.2,0.785,13.96,0.041529298,19471998976.0,231421415.0,Mr. Richard P. Dealy
PNC,"The PNC Financial Services Group, Inc.",148.13,PA,United States,Financial Services,Banks - Regional,58960035840.0,2.0,1.162,1.55,0.47689998,6.15,-0.091226995,20747999232.0,394908668.0,Mr. William S. Demchak
POOL,Pool Corporation,373.85,LA,United States,Industrials,Industrial Distribution,14460219392.0,2.0,0.978,1.1,0.3026,4.4,-0.04639834,5634464768.0,37492879.0,Mr. Peter D. Arvan
PPG,"PPG Industries, Inc.",140.09,PA,United States,Basic Materials,Specialty Chemicals,33365653504.0,6.0,1.274,0.65,0.4748,2.57,0.08227754,18246000640.0,235017144.0,Mr. Timothy M. Knavish
PPL,PPL Corporation,26.05,PA,United States,Utilities,Utilities - Regulated Electric,19202078720.0,3.0,0.853,0.24,0.90870005,0.96,-0.09674066,8570999808.0,735878649.0,Mr. Vincent  Sorgi
PFG,"Principal Financial Group, Inc.",78.02,IA,United States,Financial Services,Asset Management,18600902656.0,6.0,1.271,0.67,0.4028,2.68,-0.14788115,14081300480.0,237220052.0,Mr. Daniel Joseph Houston
PG,The Procter & Gamble Company,158.09,OH,United States,Consumer Defensive,Household & Personal Products,371988922368.0,3.0,0.438,0.941,0.6257,3.76,0.118034005,83933003776.0,2349162099.0,Mr. Jon R. Moeller
PGR,The Progressive Corporation,180.69,OH,United States,Financial Services,Insurance - Property & Casualty,105757851648.0,3.0,0.373,0.85,0.0456,1.15,0.3124864,62082301952.0,582964653.0,Ms. Susan Patricia Griffith
PLD,"Prologis, Inc.",129.25,CA,United States,Real Estate,REIT - Industrial,122441498624.0,9.0,1.052,0.87,1.0577999,3.48,-0.016661584,8330696192.0,920416539.0,Mr. Hamid R. Moghadam
PRU,"Prudential Financial, Inc.",103.21,NJ,United States,Financial Services,Insurance - Life,37258809344.0,1.0,1.377,1.25,1.3983,5.0,0.010871649,51527000064.0,360043350.0,Mr. Charles Frederick Lowrey Jr.
PEG,Public Service Enterprise Group Incorporated,58.2,NJ,United States,Utilities,Utilities - Regulated Electric,29001873408.0,5.0,0.584,0.57,0.4011,2.28,-0.05026108,11770999808.0,497058550.0,Mr. Ralph A. LaRossa
PTC,PTC Inc.,178.73,MA,United States,Technology,Software - Application,21346973696.0,8.0,1.161,,,,0.36071563,2181357056.0,111749033.0,Mr. James E. Heppelmann
PSA,Public Storage,280.56,CA,United States,Real Estate,REIT - Industrial,49469181952.0,4.0,0.54,3.0,1.0082,12.0,-0.08835095,4476002816.0,157844606.0,Mr. Joseph D. Russell Jr.
PHM,"PulteGroup, Inc.",105.97,GA,United States,Consumer Cyclical,Residential Construction,22846603264.0,5.0,1.542,0.2,0.0523,0.8,0.84359777,16061578240.0,212480129.0,Mr. Ryan R. Marshall
QRVO,"Qorvo, Inc.",103.59,NC,United States,Technology,Semiconductors,10001458176.0,5.0,1.536,,,,0.013204217,3461221120.0,95781863.0,Mr. Robert A. Bruggeworth
PWR,"Quanta Services, Inc.",204.5,TX,United States,Industrials,Engineering & Construction,29710780416.0,4.0,1.089,0.09,0.0682,0.36,0.33905184,19514875904.0,143348242.0,Mr. Earl C. Austin Jr.
QCOM,QUALCOMM Incorporated,141.69,CA,United States,Technology,Semiconductors,158126047232.0,3.0,1.322,0.8,0.44939998,3.2,0.06589937,36292001792.0,1113879600.0,Mr. Cristiano Renno Amon
DGX,Quest Diagnostics Incorporated,125.0,NJ,United States,Healthcare,Diagnostics & Research,13929374720.0,4.0,0.902,0.71,0.3725,2.84,-0.14024347,9251999744.0,110003220.0,Mr. James E. Davis
RL,Ralph Lauren Corporation,147.77,NY,United States,Consumer Cyclical,Apparel Manufacturing,9550833664.0,10.0,1.5,0.75,0.3831,3.0,0.22154248,6502600192.0,38927858.0,Mr. Ralph  Lauren
RJF,"Raymond James Financial, Inc.",112.43,FL,United States,Financial Services,Capital Markets,23464140800.0,7.0,1.042,0.45,0.214,1.8,0.001425147,11738999808.0,187560777.0,Mr. Paul Christopher Reilly
RTX,RTX Corporation,91.98,VA,United States,Industrials,Aerospace & Defense,132258045952.0,3.0,0.651,0.59,1.0404,2.36,-0.05796802,68920000512.0,1237836640.0,Mr. Gregory J. Hayes
O,Realty Income Corporation,54.19,CA,United States,Real Estate,REIT - Retail,45083316224.0,2.0,0.954,0.257,2.2992,3.08,-0.19991142,3891655936.0,722584385.0,Mr. Sumit  Roy
REG,Regency Centers Corporation,62.6,FL,United States,Real Estate,REIT - Retail,11622377472.0,1.0,1.202,0.67,1.2264,2.68,-0.054380655,1312902016.0,182588578.0,Mr. Martin E. Stein Jr.
REGN,"Regeneron Pharmaceuticals, Inc.",945.18,NY,United States,Healthcare,Biotechnology,102974521344.0,10.0,,,,,0.21043468,13117200384.0,101935184.0,"Dr. Leonard S. Schleifer M.D., Ph.D."
RF,Regions Financial Corporation,18.3,AL,United States,Financial Services,Banks - Regional,16909199360.0,6.0,1.244,0.24,0.41709998,0.96,-0.22752213,7021000192.0,920821440.0,Mr. John M. Turner Jr.
RSG,"Republic Services, Inc.",173.66,AZ,United States,Industrials,Waste Management,54639861760.0,3.0,0.673,0.535,0.39150003,2.14,0.40172732,14662700032.0,204287189.0,Mr. Jon  Vander Ark
RMD,ResMed Inc.,191.86,CA,United States,Healthcare,Medical Instruments & Supplies,28220493824.0,7.0,0.6,0.48,0.3046,1.92,-0.13365847,4504076800.0,145615057.0,"Mr. Michael J. Farrell BE, MBA, SM"
RVTY,"Revvity, Inc.",105.62,MA,United States,Healthcare,Diagnostics & Research,13034247168.0,8.0,1.133,0.07,0.19440001,0.28,-0.23408264,2750571008.0,111603940.0,Dr. Prahlad R. Singh Ph.D.
RHI,Robert Half Inc.,80.86,CA,United States,Industrials,Staffing & Employment Services,8562669568.0,2.0,1.291,0.48,0.4948,1.92,-0.046124816,6392517120.0,101045058.0,Mr. Harold Max Messmer Jr.
ROK,"Rockwell Automation, Inc.",268.01,WI,United States,Industrials,Specialty Industrial Machinery,30711803904.0,8.0,1.429,1.25,0.4562,5.0,-0.068504095,9129100288.0,114245954.0,Mr. Blake D. Moret
ROL,"Rollins, Inc.",44.02,GA,United States,Consumer Cyclical,Personal Services,21307353088.0,9.0,0.633,0.15,0.6265,0.6,0.2344364,2980581888.0,292813862.0,Mr. Gary W. Rollins
ROP,"Roper Technologies, Inc.",549.62,FL,United States,Technology,Software - Application,58711506944.0,6.0,1.005,0.75,0.1607,3.0,0.27794826,6177800192.0,106318464.0,Mr. Laurence Neil Hunn
ROST,"Ross Stores, Inc.",143.68,CA,United States,Consumer Cyclical,Apparel Retail,48372166656.0,6.0,1.056,0.335,0.2609,1.34,0.24172497,19568670720.0,329592908.0,Ms. Barbara  Rentler
RCL,Royal Caribbean Cruises Ltd.,123.44,FL,United States,Consumer Cyclical,Travel Services,31652978688.0,9.0,2.562,0.78,,,0.78665507,13900000256.0,240949057.0,Mr. Jason T. Liberty
SPGI,S&P Global Inc.,454.05,NY,United States,Financial Services,Financial Data & Stock Exchanges,144847388672.0,2.0,1.192,0.9,0.4616,3.64,0.23162258,12282000384.0,316049184.0,Mr. Douglas L. Peterson M.B.A.
CRM,"Salesforce, Inc.",285.66,CA,United States,Technology,Software - Application,276518895616.0,6.0,1.281,,,,0.689796,33954000896.0,939724720.0,Mr. Marc R. Benioff
SBAC,SBA Communications Corporation,224.71,FL,United States,Real Estate,REIT - Specialty,24243288064.0,7.0,0.61,0.85,0.71650004,3.4,-0.24025422,2722653952.0,106705668.0,Mr. Brendan Thomas Cavanagh CPA
SLB,Schlumberger Limited,49.0,TX,United States,Energy,Oil & Gas Equipment & Services,69923004416.0,2.0,1.658,0.25,0.3436,1.1,-0.077039,33134999552.0,1422299043.0,Mr. Olivier  Le Peuch
STX,Seagate Technology Holdings plc,87.52,,Ireland,Technology,Computer Hardware,18336403456.0,7.0,1.083,0.7,0.9859,2.8,0.25476706,6471000064.0,208406607.0,Dr. William David Mosley
SRE,Sempra,71.34,CA,United States,Utilities,Utilities - Diversified,44896256000.0,7.0,0.739,0.595,0.5457,2.38,-0.09489977,16684000256.0,628384066.0,Mr. Jeffrey Walker Martin
NOW,"ServiceNow, Inc.",781.3,CA,United States,Technology,Software - Application,160166494208.0,9.0,1.047,,,,0.716313,8970999808.0,204448550.0,Mr. William R. McDermott
SHW,The Sherwin-Williams Company,309.99,OH,United States,Basic Materials,Specialty Chemicals,79346900992.0,7.0,1.138,0.605,0.2616,2.42,0.27552152,23051900928.0,233507280.0,Mr. John G. Morikis
SPG,"Simon Property Group, Inc.",137.94,IN,United States,Real Estate,REIT - Retail,51752329216.0,10.0,1.666,1.9,1.0905,7.6,0.07229483,5531295232.0,322714154.0,Mr. David E. Simon
SWKS,"Skyworks Solutions, Inc.",101.16,CA,United States,Technology,Semiconductors,16208462848.0,9.0,1.392,0.68,0.461,2.72,-0.07430452,4644599808.0,159480841.0,Mr. Liam K. Griffin
SJM,The J. M. Smucker Company,132.7,OH,United States,Consumer Defensive,Packaged Foods,14085308416.0,8.0,0.276,1.06,412.0,4.24,-0.12484336,8194899968.0,102765251.0,Mr. Mark T. Smucker
SNA,Snap-on Incorporated,292.61,WI,United States,Industrials,Tools & Accessories,15443954688.0,4.0,1.023,1.86,0.352,7.44,0.13670266,5058699776.0,51720137.0,Mr. Nicholas T. Pinchuk
SO,The Southern Company,68.65,GA,United States,Utilities,Utilities - Regulated Electric,74871070720.0,1.0,0.528,0.7,1.0073,2.8,0.011045694,26254999552.0,1087172992.0,Mr. Christopher C. Womack
LUV,Southwest Airlines Co.,30.37,TX,United States,Industrials,Airlines,18104012800.0,5.0,1.192,0.18,0.8889,0.72,-0.15685731,26090999808.0,593407400.0,Mr. Gary C. Kelly
SWK,"Stanley Black & Decker, Inc.",90.63,CT,United States,Industrials,Tools & Accessories,13894576128.0,5.0,1.341,0.81,3.0,3.24,-0.016708255,15781099520.0,149388743.0,Mr. Donald  Allan Jr.
SBUX,Starbucks Corporation,92.99,WA,United States,Consumer Cyclical,Restaurants,105285140480.0,1.0,0.984,0.57,0.5775,2.28,-0.11454964,36686999552.0,1107665226.0,Mr. Laxman  Narasimhan
STT,State Street Corporation,73.43,MA,United States,Financial Services,Asset Management,22171748352.0,5.0,1.552,0.69,0.4731,2.76,-0.19067562,11898999808.0,284884205.0,Mr. Ronald Philip O'Hanley
STLD,"Steel Dynamics, Inc.",120.16,IN,United States,Basic Materials,Steel,19443810304.0,4.0,1.447,0.425,0.1161,1.7,-0.027123332,18795315200.0,150958548.0,Mr. Mark D. Millett
STE,STERIS plc,222.19,,Ireland,Healthcare,Medical Devices,21952415744.0,7.0,0.796,0.52,0.3496,2.08,0.035175204,5227732992.0,98448432.0,Mr. Daniel A. Carestio
SYK,Stryker Corporation,342.05,MI,United States,Healthcare,Medical Devices,129957781504.0,6.0,0.926,0.8,0.3697,3.2,0.2599455,20497999872.0,339404600.0,Mr. Kevin A. Lobo
SYF,Synchrony Financial,38.95,CT,United States,Financial Services,Credit Services,15848755200.0,2.0,1.683,0.25,0.185,0.98,0.069467306,7662000128.0,402835069.0,Mr. Brian D. Doubles
SNPS,"Synopsys, Inc.",552.05,CA,United States,Technology,Software - Infrastructure,84196458496.0,4.0,1.069,,,,0.5336,5842618880.0,150819619.0,Dr. Aart J. de Geus
SYY,Sysco Corporation,81.48,TX,United States,Consumer Defensive,Food Distribution,40563191808.0,3.0,1.139,0.5,0.4866,2.0,0.05942011,77512286208.0,496590152.0,Mr. Kevin P. Hourican
TMUS,"T-Mobile US, Inc.",161.78,WA,United States,Communication Services,Telecom Services,193458143232.0,10.0,0.512,0.65,0.0938,1.3,0.1395365,78558003200.0,576654169.0,Mr. G. Michael Sievert
TROW,"T. Rowe Price Group, Inc.",109.74,MD,United States,Financial Services,Asset Management,24523597824.0,8.0,1.376,1.22,0.6923,4.96,-0.104382575,6342700032.0,218366262.0,"Mr. Robert W. Sharps C.F.A., CPA"
TTWO,"Take-Two Interactive Software, Inc.",167.0,NY,United States,Communication Services,Electronic Gaming & Multimedia,28401356800.0,7.0,0.745,0.001,,,0.58203864,5437899776.0,157676493.0,"Mr. Strauss H. Zelnick Esq., J.D."
TPR,"Tapestry, Inc.",40.01,NY,United States,Consumer Cyclical,Luxury Goods,9169731584.0,5.0,1.548,0.35,0.3181,1.4,-0.10391939,6667599872.0,228175711.0,Ms. Joanne C. Crevoiserat
TRGP,Targa Resources Corp.,85.98,TX,United States,Energy,Oil & Gas Midstream,19171477504.0,9.0,2.17,0.5,0.44619998,2.0,0.18544054,16375600128.0,218663252.0,Mr. Matthew J. Meloy
TGT,Target Corporation,145.49,MN,United States,Consumer Defensive,Discount Stores,67167207424.0,1.0,1.118,1.1,0.5529,4.4,-0.16308099,106888003584.0,460313748.0,Mr. Brian C. Cornell
TEL,TE Connectivity Ltd.,142.82,,Switzerland,Technology,Electronic Components,44102676480.0,5.0,1.393,0.59,0.2215,2.36,0.07302785,16024000512.0,308085661.0,Mr. Terrence R. Curtin CPA
TDY,Teledyne Technologies Incorporated,432.74,CA,United States,Technology,Scientific & Technical Instruments,20418707456.0,9.0,1.03,,,,0.0016665459,5635500032.0,18261094.0,Dr. Robert  Mehrabian
TFX,Teleflex Incorporated,245.74,PA,United States,Healthcare,Medical Instruments & Supplies,11547985920.0,6.0,1.134,0.34,0.1591,1.36,-0.030267179,2958576128.0,46852626.0,Mr. Liam J. Kelly
TER,"Teradyne, Inc.",96.37,MA,United States,Technology,Semiconductor Equipment & Materials,14732950528.0,1.0,1.575,0.11,0.1612,0.48,-0.098924756,2676297984.0,152106009.0,Mr. Gregory S. Smith
TSLA,"Tesla, Inc.",187.91,TX,United States,Consumer Cyclical,Auto Manufacturers,598453911552.0,9.0,2.316,,,,-0.03517151,96772997120.0,2767901350.0,Mr. Elon R. Musk
TXN,Texas Instruments Incorporated,159.2,TX,United States,Technology,Semiconductors,144758652928.0,8.0,1.029,1.3,0.71,5.2,-0.12044197,17518999552.0,906827490.0,Mr. Haviv  Ilan
TXT,Textron Inc.,86.0,RI,United States,Industrials,Aerospace & Defense,16856429568.0,4.0,1.315,0.02,0.0175,0.08,0.16122067,13683000320.0,196268091.0,Mr. Scott C. Donnelly
TMO,Thermo Fisher Scientific Inc.,551.82,MA,United States,Healthcare,Diagnostics & Research,213207793664.0,5.0,0.812,0.35,0.09060001,1.4,-0.04226184,42857000960.0,386113770.0,Mr. Marc N. Casper
TJX,"The TJX Companies, Inc.",97.51,MA,United States,Consumer Cyclical,Apparel Retail,111130198016.0,7.0,0.883,0.333,0.3545,1.33,0.21659386,52325998592.0,1136725053.0,Ms. Carol M. Meyrowitz
TSCO,Tractor Supply Company,232.94,TN,United States,Consumer Cyclical,Specialty Retail,25184075776.0,1.0,0.811,1.03,0.4083,4.12,0.00223732,14555741184.0,107770246.0,Mr. Harry A. Lawton III
TT,Trane Technologies plc,276.78,,Ireland,Industrials,Building Products & Equipment,62983225344.0,4.0,1.228,0.75,0.3375,3.0,0.4959464,17677600768.0,229113742.0,Mr. David S. Regnery
TDG,TransDigm Group Incorporated,1123.76,OH,United States,Industrials,Aerospace & Defense,62474539008.0,10.0,1.436,35.0,,,0.5600195,6584999936.0,55022046.0,Dr. Kevin M. Stein Ph.D.
TRV,"The Travelers Companies, Inc.",214.82,NY,United States,Financial Services,Insurance - Property & Casualty,49021927424.0,4.0,0.591,1.0,0.3073,4.0,0.15500832,40072998912.0,227353377.0,Mr. Alan David Schnitzer
TRMB,Trimble Inc.,52.59,CO,United States,Technology,Scientific & Technical Instruments,13082708992.0,2.0,1.484,,,,-0.10773671,3722800128.0,247292373.0,Mr. Robert G. Painter
TFC,Truist Financial Corporation,36.79,NC,United States,Financial Services,Banks - Regional,49068298240.0,4.0,1.112,0.52,0.5226,2.08,-0.25826615,21280999424.0,1328528065.0,Mr. William Henry Rogers Jr.
TYL,"Tyler Technologies, Inc.",430.86,TX,United States,Technology,Software - Application,18149632000.0,5.0,0.804,0.006667,,,0.31560302,1923037952.0,41830580.0,Mr. John S. Marr Jr.
TSN,"Tyson Foods, Inc.",56.36,AR,United States,Consumer Defensive,Farm Products,20021325824.0,10.0,0.81,0.49,2.0213,1.96,-0.07727569,52880998400.0,278152786.0,Mr. Donnie D. King
USB,U.S. Bancorp,40.84,MN,United States,Financial Services,Banks - Regional,63628722176.0,4.0,1.081,0.49,0.5902,1.96,-0.16567928,25738000384.0,1553512960.0,Mr. Andrew J. Cecere
UBER,"Uber Technologies, Inc.",68.07,CA,United States,Technology,Software - Application,140078530560.0,7.0,1.331,,,,1.0079646,35952001024.0,2053413256.0,Mr. Dara  Khosrowshahi
UDR,"UDR, Inc.",36.31,CO,United States,Real Estate,REIT - Residential,12900216832.0,7.0,0.818,0.42,1.1883999,1.68,-0.14944953,1639556992.0,326408544.0,Mr. Thomas W. Toomey
ULTA,"Ulta Beauty, Inc.",505.33,IL,United States,Consumer Cyclical,Specialty Retail,24539582464.0,4.0,1.344,1.0,,,-0.024459481,10879777792.0,48441570.0,Mr. David C. Kimbell
UNP,Union Pacific Corporation,248.33,NE,United States,Industrials,Railroads,151381475328.0,1.0,1.109,1.3,0.4976,5.2,0.18840921,24118999040.0,607030677.0,Ms. Elizabeth F. Whited
UAL,"United Airlines Holdings, Inc.",41.37,IL,United States,Industrials,Airlines,13569980416.0,10.0,1.508,2.15,,,-0.18754911,53717000192.0,329401651.0,Mr. J. Scott Kirby
UPS,"United Parcel Service, Inc.",141.85,GA,United States,Industrials,Integrated Freight & Logistics,120845713408.0,9.0,1.055,1.62,0.8308,6.52,-0.24851662,90957996032.0,725939360.0,Ms. Carol B. Tome
URI,"United Rentals, Inc.",654.2,CT,United States,Industrials,Rental & Leasing Services,43956744192.0,2.0,1.863,1.48,0.16780001,6.52,0.4410962,14332000256.0,66801244.0,Mr. Matthew J. Flannery
UNH,UnitedHealth Group Incorporated,510.23,MN,United States,Healthcare,Healthcare Plans,471924473856.0,4.0,0.564,1.88,0.3055,7.52,0.07362592,371621986304.0,931166500.0,Sir Andrew Philip Witty
UHS,"Universal Health Services, Inc.",162.73,PA,United States,Healthcare,Medical Care Facilities,11105606656.0,10.0,1.258,0.2,0.084,0.8,0.12274039,14025409536.0,58833542.0,Mr. Alan B. Miller
VLO,Valero Energy Corporation,137.85,TX,United States,Energy,Oil & Gas Refining & Marketing,46931447808.0,2.0,1.542,1.07,0.16370001,4.28,0.07619643,144765992960.0,338257021.0,Mr. Joseph W. Gorder
VTR,"Ventas, Inc.",46.36,IL,United States,Real Estate,REIT - Healthcare Facilities,18654382080.0,5.0,1.309,0.45,90.0,1.8,-0.1062271,4358944768.0,400286238.0,Ms. Debra A. Cafaro
VLTO,Veralto Corporation,76.84,MA,United States,Industrials,Pollution & Treatment Controls,18926305280.0,,,0.09,,0.36,-0.012339354,4981000192.0,231413809.0,Ms. Jennifer L. Honeycutt
VRSN,"VeriSign, Inc.",199.6,VA,United States,Technology,Software - Infrastructure,20379160576.0,5.0,0.932,2.75,,,-0.066111445,1481900032.0,101199478.0,Mr. D. James Bidzos
VRSK,"Verisk Analytics, Inc.",247.78,NJ,United States,Industrials,Consulting Services,35924881408.0,7.0,0.807,0.34,0.2495,1.36,0.4004408,2634700032.0,143833915.0,Mr. Lee M. Shavel
VZ,Verizon Communications Inc.,42.13,NY,United States,Communication Services,Telecom Services,177118740480.0,1.0,0.383,0.665,0.9582,2.66,0.02059114,133973999616.0,4198702960.0,Mr. Hans E. Vestberg
VRTX,Vertex Pharmaceuticals Incorporated,424.68,MA,United States,Healthcare,Biotechnology,109432815616.0,8.0,0.405,,,,0.39298713,9654200320.0,256861175.0,"Dr. Jeffrey Marc Leiden M.D., Ph.D."
VFC,V.F. Corporation,16.67,CO,United States,Consumer Cyclical,Apparel Manufacturing,6482679808.0,4.0,1.583,0.09,5.3666997,0.36,-0.41835308,11390855168.0,384998459.0,Mr. Matthew H. Puckett
VTRS,Viatris Inc.,11.85,PA,United States,Healthcare,Drug Manufacturers - Specialty & Generic,14216090624.0,7.0,1.132,0.12,0.3179,0.48,-0.01659751,15465600000.0,1195028273.0,Mr. Scott Andrew Smith
VICI,VICI Properties Inc.,30.55,NY,United States,Real Estate,REIT - Diversified,31604889600.0,3.0,0.961,0.415,0.65769994,1.66,-0.11832613,3473224960.0,1031128494.0,Mr. Edward Baltazar Pitoniak
V,Visa Inc.,277.18,CA,United States,Financial Services,Credit Services,569347080192.0,3.0,0.951,0.52,0.21540001,2.08,0.20807183,33351000064.0,1578139014.0,Mr. Ryan M. McInerney
VMC,Vulcan Materials Company,234.44,AL,United States,Basic Materials,Building Materials,31150745600.0,6.0,0.792,0.43,0.27040002,1.72,0.2910403,7679499776.0,132494698.0,Mr. James Thomas Hill
WRB,W. R. Berkley Corporation,80.87,CT,United States,Financial Services,Insurance - Property & Casualty,20746795008.0,9.0,0.57,0.61,0.0851,0.43,0.1838677,12142938112.0,199948608.0,Mr. William Robert Berkley
WAB,Westinghouse Air Brake Technologies Corporation,134.26,PA,United States,Industrials,Railroads,24053886976.0,5.0,1.358,0.17,0.1571,0.68,0.28086245,9457000448.0,177183034.0,Mr. Rafael O. Santana
WBA,"Walgreens Boots Alliance, Inc.",22.64,IL,United States,Healthcare,Pharmaceutical Retailers,19524192256.0,7.0,0.746,0.48,2.9091,1.0,-0.3759647,142405992448.0,713029333.0,Mr. Stefano  Pessina
WMT,Walmart Inc.,169.57,AR,United States,Consumer Defensive,Discount Stores,456521449472.0,9.0,0.484,0.57,0.3777,2.28,0.2053597,638785028096.0,1438325856.0,Mr. C. Douglas McMillon
DIS,The Walt Disney Company,97.13,CA,United States,Communication Services,Entertainment,178166530048.0,2.0,1.352,0.3,,0.6,-0.11595523,88898002944.0,1827808388.0,Mr. Robert A. Iger
WBD,"Warner Bros. Discovery, Inc.",10.25,NY,United States,Communication Services,Entertainment,24995342336.0,10.0,1.574,,,,-0.33441556,42045001728.0,2208584513.0,Mr. David M. Zaslav
WM,"Waste Management, Inc.",188.21,TX,United States,Industrials,Waste Management,75806285824.0,1.0,0.715,0.7,0.48669997,2.8,0.23969173,20144001024.0,401627517.0,Mr. James C. Fish Jr.
WAT,Waters Corporation,320.74,MA,United States,Healthcare,Diagnostics & Research,18964393984.0,4.0,0.986,,,,-0.048362195,2995451904.0,58952552.0,Dr. Udit  Batra Ph.D.
WEC,"WEC Energy Group, Inc.",79.86,WI,United States,Utilities,Utilities - Regulated Electric,25190639616.0,4.0,0.424,0.78,0.7393,3.34,-0.14888626,8892999680.0,314545006.0,Mr. Gale E. Klappa
WFC,Wells Fargo & Company,49.16,CA,United States,Financial Services,Banks - Diversified,176919953408.0,5.0,1.173,0.35,0.2692,1.4,0.03104031,77198000128.0,3591412936.0,Mr. Charles W. Scharf
WELL,Welltower Inc.,87.93,OH,United States,Real Estate,REIT - Healthcare Facilities,48666529792.0,9.0,1.086,0.61,4.6038,2.44,0.17995167,6322204160.0,535229484.0,Mr. Shankh S. Mitra
WST,"West Pharmaceutical Services, Inc.",381.02,PA,United States,Healthcare,Medical Instruments & Supplies,28191553536.0,6.0,1.05,0.2,0.1024,0.8,0.4208151,2926500096.0,73560530.0,Mr. Eric M. Green
WDC,Western Digital Corporation,58.16,CA,United States,Technology,Computer Hardware,18857973760.0,7.0,1.595,0.5,,,0.37656808,11256999936.0,323150750.0,Mr. David V. Goeckeler
WRK,WestRock Company,38.83,GA,United States,Consumer Cyclical,Packaging & Containers,9960206336.0,6.0,1.068,0.303,0.32959998,1.21,0.13670957,20006899712.0,255504260.0,Mr. David B. Sewell
WY,Weyerhaeuser Company,32.9,WA,United States,Real Estate,REIT - Specialty,24008876032.0,3.0,1.482,0.19,0.66089994,0.76,-0.039416075,7673999872.0,727045616.0,"Mr. Devin W. Stockfish Esq., J.D."
WHR,Whirlpool Corporation,110.44,MI,United States,Consumer Cyclical,"Furnishings, Fixtures & Appliances",6074200064.0,8.0,1.543,1.75,0.8028,7.0,-0.26363516,19455000576.0,54454950.0,Mr. Marc Robert Bitzer
WMB,"The Williams Companies, Inc.",34.8,OK,United States,Energy,Oil & Gas Midstream,42334199808.0,2.0,1.121,0.448,0.77519995,1.9,0.09779179,10304000000.0,1210549993.0,Mr. Alan S. Armstrong
WTW,Willis Towers Watson Public Limited Company,250.45,,United Kingdom,Financial Services,Insurance Brokers,25861466112.0,3.0,0.735,0.84,0.3534,3.36,-0.012927115,9290999808.0,102792637.0,"Mr. Carl A. Hess CERA, F.S.A."
GWW,"W.W. Grainger, Inc.",972.54,IL,United States,Industrials,Industrial Distribution,48271245312.0,2.0,1.11,1.86,0.2015,7.44,0.44233847,16478000128.0,46432485.0,Mr. Donald G. Macpherson
WYNN,"Wynn Resorts, Limited",96.97,NV,United States,Consumer Cyclical,Resorts & Casinos,10952373248.0,9.0,1.98,0.25,1.7857001,1.0,-0.05799496,5696373760.0,94907986.0,Mr. Craig Scott Billings
XEL,Xcel Energy Inc.,59.82,MN,United States,Utilities,Utilities - Regulated Electric,33009633280.0,3.0,0.421,0.52,0.648,2.08,-0.13052326,14206000128.0,550839604.0,Mr. Robert C. Frenzel
XYL,Xylem Inc.,115.42,DC,United States,Industrials,Specialty Industrial Machinery,27825221632.0,3.0,1.086,0.33,0.5265,1.32,0.10927439,6752000000.0,240183381.0,Mr. Matthew Francis Pine
YUM,"Yum! Brands, Inc.",128.75,KY,United States,Consumer Cyclical,Restaurants,36089655296.0,3.0,1.071,0.605,0.45340002,2.68,-0.0024020076,7058999808.0,279629873.0,Mr. David W. Gibbs
ZBRA,Zebra Technologies Corporation,246.48,IL,United States,Technology,Communication Equipment,12659113984.0,8.0,1.763,,,,-0.24089926,5078000128.0,50956431.0,Mr. Anders  Gustafsson
ZBH,"Zimmer Biomet Holdings, Inc.",126.32,IN,United States,Healthcare,Medical Devices,26398478336.0,6.0,1.025,0.24,0.4248,0.96,-0.017117977,7279200256.0,208464529.0,Mr. Ivan  Tornos
ZION,"Zions Bancorporation, National Association",39.65,UT,United States,Financial Services,Banks - Regional,5874266112.0,6.0,1.184,0.41,0.377,1.64,-0.26709795,3081999872.0,145633232.0,Mr. Harris Henry Simmons
ZTS,Zoetis Inc.,189.04,NJ,United States,Healthcare,Drug Manufacturers - Specialty & Generic,86790905856.0,3.0,0.848,0.432,0.2953,1.73,0.14618325,8370999808.0,458250557.0,Ms. Kristin C. Peck
